name	pc1	pc2	pc3	pc4	std
AFIGEB	0.027262298452799483	0.36751288060805676	0.10800717629558765	-0.16087357733612256	1.4718847506932204
AFIGIF	0.02098386871781366	0.36999028123957833	0.11570857696043801	-0.1620546920723417	1.4657465265500575
AFISEO	-0.004331645423773622	-0.35619032790698846	-0.15965407822567368	0.31679298935872213	1.4488812801373034
AFUZAD	0.2106155023620273	0.7089406426638263	-0.379695681811584	0.1508659570509474	2.990871448811881
AGAGIY	-0.10646211919834636	-0.03342896915459015	0.12036495246554146	0.043787674141857025	1.2126960814358103
AHUYOT	-0.004428041810643268	-0.05375401669944235	0.20032404635202017	-0.0794755760360687	1.0586685181560371
AKISUJ	-0.05357977306847839	0.031490988240273854	-0.12820341473671415	0.15044959363406307	1.6242733188242604
AKITAQ	-0.008283278935039995	-0.17190331215972643	-0.10878215757981047	0.12868156659811325	1.3519392994044999
AKITIY	-0.05752459390888065	-0.10241561783927677	0.11111601650785619	-0.010423829589323308	1.0922788524620097
AKITOE	-0.014715557318914163	-0.09614019394825757	0.024202463035522204	0.04576787244952463	1.23448978830524
AKITUK	-0.12585588466697284	-0.33497232978148617	-0.1414855900619978	0.06469544508930314	1.1282793685778165
ALOBOT	0.0680016020082268	0.040585336452101384	-0.14039543723898595	0.3486467854408847	1.9351229066117757
AMOXNB	-0.1262576340675119	-0.4236646230703207	0.2282253205696505	0.05874168507860511	0.8345751593315776
AMULIE	-0.11229328781865533	-0.09356793582985157	-0.06640301511901892	0.18622432363815178	1.472726362696364
ANAXOE	-0.1865699554808362	-0.5223415311391215	0.09412359001955628	0.023283018141252887	0.8206393278325264
ARUQEL	-0.0276788845257967	-0.047427080091150486	-0.06492290984208804	0.0024458453698257276	1.3102969960677966
ARUVEP	-0.05152243230770681	0.3426475355840841	0.1369975211347172	-0.28466937657951047	1.2810526629982752
ARUVIT	-0.29174761905396673	-0.38008884271218246	0.21093548751056312	0.017339788236807707	0.8422535922263994
ARUVOZ	0.04677496021721672	0.21917199579119728	-0.046988556894059785	0.0010750301839121956	1.622474884446543
ARUWAN	-0.01902892805518852	0.0029078172992895723	-0.18926924036300652	0.051223453419256826	1.5100329944455992
ATIKOD	0.24548689797769763	0.38068029529744996	-0.41366531792733496	0.17149745808797978	2.549560134440479
AYODIB	0.25875598431450797	0.6171808668670318	-0.2928982200446745	-0.040259382410418376	2.3326781704264086
BACFIY	0.08925734913085459	-0.3150190408660434	0.2928377283843919	0.01274583131019158	0.8989809922664698
BACFOE	0.0908886035070482	-0.31735705211805243	0.26595586248141867	-0.004365181881070046	0.8986316285699935
BACGAR	0.09380425941829418	-0.3309161835289376	0.265485427954264	-0.019143851156052216	0.8885291020323866
BACGEV	-0.018459751149783266	-0.21410294597267443	0.07228482223225585	0.06722198086522424	1.099246660623847
BACGUL	0.041996618955435494	-0.08370003692364802	0.1970256576966083	-0.08698428301582684	1.0273719455127954
BEDCAO	-0.22511895270455784	-0.28859526293963444	0.3632715981228436	-0.09950991797542502	0.7648082932695461
BEKWUL	0.04190595780599682	0.0218167971150387	0.10849903218319179	-0.05810680949210034	1.204089858710352
BEMLEL	-0.13838202338108996	-0.33227895411503194	-0.053894963509239835	0.14847602379793634	1.1695926581388545
BENFEH	-0.15580490291885996	0.0168998289693012	-0.0060257201897242485	0.17390119899337875	1.5489548408264766
BEWKUN	-0.061239525255860405	-0.126374293043527	0.18784811022106762	0.06900907861485395	1.1066855140785228
BEWLAU	-0.05887996890069047	-0.08804334221452681	0.13525414381131262	0.07788928114943416	1.1768488423725232
BOMWEG	-0.151047514567326	0.09419063917394954	0.33555564069710675	-0.09544231031711253	1.0880812283076868
BOTXIU	0.135330284529259	0.4579975017973359	-0.22688411523556162	-0.2043358268292323	1.8470441802841218
BUYWAW	-0.007625983211699605	-0.04355418278448875	0.18904682662488392	-0.07534692773916918	1.0551056175905058
CAHJIE	0.11867282733947837	0.05791134905407169	-0.21633284327329105	0.27094252193963253	1.9654976937019533
CAHQIN	-0.027930814022348205	-0.13576891978940253	0.1859301344971327	-0.08336594764032179	0.9635466096136424
CAHQOT	-0.02392778333906387	-0.09426185258441588	0.16040184048167605	-0.07999601902881132	1.024018620348588
CAPQOZ	-0.2005682171309735	-0.15307640920953958	0.021233234937468426	-0.07393290460089752	1.0751250661551732
CATZED	-0.04608920229444102	0.13256823890871328	-0.032399768955728936	0.2028214733193202	1.724276140871575
CAVJOZ	0.2847040268569634	0.3500090379972258	0.006986048798349076	-0.024577835161266104	1.7895185885683904
CAXYIK	-0.036736178858036705	0.012280296246153455	0.003866887101995342	-0.10906257356093779	1.1986728951533783
CEHQUB	0.0038424970472989983	0.13476520438144757	-0.15168659881789426	-0.013971155766779986	1.569768907221747
CENNIT	0.0734422303750295	0.18284062044341187	-0.3530171735979114	0.23065422175051653	2.1792012008046138
CENNUF	0.08964004895382871	0.2735497338720747	-0.3772622876454004	0.1898971536519779	2.3037888112512803
CENREU	0.14522229176843693	0.427138815922667	-0.3110748985627816	-0.32152279324596156	1.6977677728128422
CETJIW	0.03547312130573177	0.030074097941275024	0.1128535542893978	-0.06458713034847974	1.1976252711980278
CEWZIP	-0.06171982456164904	0.0029303172664381094	0.03874277698472772	-0.09926533421078748	1.1820749013446283
CIDZEX	0.05989534931329166	-0.21216606217140832	-0.24524231843143596	0.2513083564690156	1.6127695083330704
CIDZIB	0.03732801493645521	-0.24310708376985302	-0.23215056202080986	0.23059530804875283	1.5377851794684385
CIDZOH	-0.26752903300417175	-0.5572516929599698	0.019826173169047445	-0.1870485929976058	0.6984208664434641
CIDZUN	-0.1284443344616546	-0.3386252026975427	-0.0442541485382737	-0.19353715659014387	0.8445689403742265
CIFBIF	-0.002677582611444018	-0.19202207375499736	-0.0408417153367755	0.07915780515190529	1.2217109960834878
CIFBOL	0.011220839185314135	-0.2875929691662371	-0.20071056956764088	0.11236413665803446	1.2876118603313693
CIGXAT	0.07638254327049299	0.25061725419212166	-0.007278496324363504	0.2119690098917233	1.9033304499644799
CIRYUY	-0.010860874128362674	0.041894553162693526	-0.10427536638553914	-0.05550098792269431	1.3598736479678215
CIXLUT	-0.016391502447594686	-0.19240681538225113	0.27904583174558417	0.20402030801905957	1.1090843056494668
CIXMAA	-0.01937324472355284	-0.19471879758473998	0.22490077334827308	0.1849975355384963	1.127356554483958
CIXMII	0.3410749324968676	-0.09318028130910427	0.21776292502159555	-0.1105198409557398	1.132151820639287
COCBUT	-0.11878057737932113	-0.15414430446302552	0.27477500362753915	-0.049862270855038804	0.9115886015824621
COCCEE	-0.12040633584365579	-0.1644288969957417	0.28180660746972697	-0.052654322624528294	0.8974320429161522
COCGAE	-0.1454912420973853	-0.2131533657525324	0.2820004432727192	-0.006894356022802528	0.8992083157134281
COFKUF	-0.18827659546174402	-0.04752129417130968	-0.026835187122760118	0.1532857695823706	1.4664060214341965
COXNOS	0.2071466482471318	0.558057046110088	-0.5222147953896208	-0.1849303342845871	2.2990174561604513
CPETNB	0.1658152071262653	0.7218378859635064	-0.33529490271890505	-0.41066226003265915	2.0483662181541926
CPNBCH	0.16224635307684832	0.37982674117496895	-0.45450517879687846	-0.220345845439335	1.9154081072964115
CPOCNB	0.06161212209823819	0.2596187139768604	-0.1356234235055327	-0.06260158910803904	1.6627411447132983
CXFTNB	0.030638482593338123	-0.08350176352261673	-0.22720216240024949	0.3430455998643829	1.8790074728576922
DAVBEH	0.3516322698704819	-0.0414296323513752	0.12444210010394441	0.0890749850968855	1.4830822664781722
DAXSOK	0.026888128345889273	0.06797816937069845	-0.10678594242093808	0.309731126874896	1.864299393816282
DEDRAF	0.1828054952071536	0.28228224993642437	-0.2035659444371467	0.32951599505474405	2.370700295956636
DEDREJ	0.19073062756295434	0.2560645012216307	-0.18944448333522834	0.3301498160604567	2.31150519475537
DEQKAL	0.20948639517988088	0.20841032767186363	-0.23322209018188678	0.22643219482872579	2.155730350127956
DEQKOZ	0.19351928991065703	0.3672653141011635	-0.28763011811343253	-0.031026286822682048	2.065517584966976
DEQKUF	0.16286706899750758	0.565641270940366	-0.48584660450028083	-0.07900538973444848	2.4444901614339987
DICVIX	-0.2127844311332785	-0.43859211991323344	0.17333845455990593	-0.021332084086470915	0.7970350195435283
DIJCOS	-0.02258514956186053	-0.03577662733714737	0.006432767799827266	-0.16352729608959587	1.1029753636902218
DIVDUH	0.12626002718693896	0.2805477769754834	-0.12543810183581927	0.2833488101442636	2.1595778588610433
DIVVUC	0.009886340785567382	-0.25066669844274614	0.2536078682286873	0.11286057425924645	1.0131655593040223
DIVWEN	-0.07654650306169741	-0.38148106905174384	0.19255599722366545	0.10137518264608458	0.9273653881690984
DOCRUJ	0.2876839468616321	0.061119668595375654	0.21588044262504757	0.015048895628021364	1.3748621098317344
DOMXUY	0.27975120916742613	0.3232596114441604	-0.1631690052310093	0.31908201015963167	2.403847943694599
EDOQEU	-0.05538814509144041	0.3141714463552683	0.2593017428449149	-0.10078153979561705	1.3604862633845682
EGEBUO	-0.030986426789233468	-0.4066453597297728	0.13396009227733296	0.11391726349478715	0.9485464045077838
EHILEM	0.18084708529796512	0.11021479128962408	-0.049152667224751756	0.18953563708097676	1.7770090533516694
EJOROK	-0.06931260037296649	-0.22442511836507206	0.10931152699798785	0.045954128432538655	1.032156171692108
EKEBIH	0.1792240891304635	0.5685244929791349	-0.4253403072447183	0.3872201097467436	3.2985679049834475
EQAWAV	0.20303707325165332	0.5890419226891312	-0.3081517083659444	-0.3202154400792451	1.9019831142412131
FAVSAY	0.09457417770906118	-0.05677461775748727	-0.30504048129047634	0.365553720076615	2.0309708405875284
FAVSEC	0.08908643990830223	-0.04663530434272545	-0.318698959090539	0.36282652141247906	2.0427563977019263
FAVSIG	0.0884807164634831	-0.04436939112551164	-0.31662909231377045	0.36412624235969826	2.047119748288874
FAVSOM	0.109851125820146	-0.0354524503103395	-0.30386829191722087	0.37315575969829295	2.0700330470050052
FAVSUS	0.10531193327129218	0.02916358918582329	-0.2949274110487691	0.3570155070587152	2.116379898764935
FAVTAZ	0.10234571937954096	0.013577898119984777	-0.28358669319267105	0.33774449124373485	2.0406183395386037
FAVTON	0.10268364140750608	-0.053680778916420646	-0.3226630196150827	0.3966997602258495	2.103004739594752
FEFRUG	-0.010067469989127664	0.03990791948824457	-0.11646351080062689	0.10635254169327957	1.526830906958351
FERHOZ	0.17305371759731702	0.6875313828631966	-0.4038267442711656	-0.32164834722962976	2.1875042200862196
FERHUF	0.23846806365197226	0.7930117851507545	-0.548051691389679	-0.17656944637943706	2.760867868574888
FIHPAN	0.1245410719706832	0.3719701935811255	-0.20061178996877016	-0.1520205775803814	1.755675035518109
FIQQOL	-0.08072709768794373	0.3556565047300553	0.09560261925507674	0.15501928490399186	1.9011069909663205
FOCCAC	0.030240668104526414	0.0913533113661904	-0.05821006990777566	0.25239181670744637	1.7662651552924122
FOYJUY	0.002408069070943153	0.2297821513961198	0.04360525127893755	0.2765546510020481	1.8704080418252225
FUGRAC	-0.13442163029695053	-0.03757667178695279	-0.0470328736826402	0.0869880294767632	1.3778190950767661
FUGREG	0.08334233271131475	0.32225524067074707	-0.07449123369194877	0.008874114074870931	1.7788511539140979
FUNNOR	-0.020330731758452902	-0.4548134197554856	0.32117169421833425	-0.03712192267078951	0.7702581872062019
FUQNUB	0.05719555994591308	0.15893716353187637	-0.07690352347577756	0.09684039303981129	1.6888243568695391
FUXZII	-0.09640051767539859	-0.1520872645416671	0.33965211963080155	0.018014231702810357	0.9328345521396475
FUYBEH	-0.09717619615769624	-0.13748143318785644	0.35820621929791163	0.015639292078934552	0.9319170225565269
GAJHEG	-0.15898254467516648	0.16956649421122805	0.7313783137819194	-0.17360811735227255	0.9125435528908982
GAJHIK	0.08181860344670411	-0.03731802435212028	0.5813339528758428	-0.0024824680140754785	0.9137406499432622
GAKMUA	-0.18907873177779622	-0.41953461241291423	-0.19728276184737759	0.06433825578596686	1.0853577757990445
GAWRII	-0.05755069775904875	0.0022360749410728076	-0.15656579234996226	0.1679213283725719	1.6197168625452214
GAZWEM	-0.04110651578152291	-0.07367430332125746	0.09336765440517403	0.137752331603604	1.287729296695913
GAZWIQ	-0.02295729240045352	-0.06483919228868018	0.10226637694368512	0.14296364728798494	1.298141656421102
GAZXAJ	-0.051620616370670946	0.095400480274904	0.11330591031297388	0.20677021964598052	1.5595321732178815
GECVUF	0.2011453135843655	0.4538493827182877	-0.42271936522351783	-0.2519863813022745	1.960083870589211
GEDMOS	0.030015482379432967	0.3337576115728864	0.057057758470670406	-0.19083109424990807	1.4352479536049532
GEHJOS	-0.193984938805843	-0.3058997616758474	0.10653186199987363	-0.1916019846422362	0.8068426255486796
GEKGOS	0.07977459398777342	0.518683865942871	-0.08064636890857035	-0.4000594407610424	1.5547713097093137
GEKGUY	0.12602843829810673	0.6051509767285741	-0.27691700112769624	-0.23827384775027954	2.0760018386564307
GISFAP	-0.013908858695301785	0.06329597981600976	-0.11037645457551726	-0.01648102122631223	1.4148413325273514
GISFUJ	-0.013271053551063838	0.052023637431817704	-0.09796434995887227	-0.02427832269789998	1.3863777427284623
GIWNIJ	-0.008264238719436712	0.35569185318353513	0.2488711656087077	-0.2581847683645033	1.2372087368381486
GOTKEH	-0.007498151594091951	-0.06893089751985793	0.03904737510036371	0.0323367245086118	1.2291663937192976
GOVGUT	-0.026012067525819527	0.03309582545943979	-0.25622613681568684	0.24350419959529757	1.865162570979086
GOVTUI	-0.19748331195960733	-0.27239384710894887	0.2457118517274719	-0.10537459146524358	0.819404464738192
GOVVEU	-0.024571155445850534	-0.3370959234257316	0.17578125483786722	0.03767754753359631	0.9470666480321085
GOVVIY	-0.032282304045471166	-0.2352719724740231	0.11634263221822905	-0.037964739203515285	0.9918566288381818
GOVVOE	-0.06053913691717905	-0.24102206615240807	0.17162773088088668	-0.03423263549384781	0.9472045646627673
GUNXIW	0.0477450074729	0.05630644636415871	-0.11625337535224123	0.025966084795789435	1.5256278394605514
HANXID	-0.17134847596413927	0.09695509889829257	0.24866211967085405	-0.17836972320736538	1.0917693669272992
HANZIF	0.07724462896811812	-0.0020846580969933193	-0.06023095783202681	0.07521790352789337	1.4280046450193957
HANZOL	0.026285971144858422	0.2647614847131101	-0.19434004802842042	-0.009549223116011585	1.7417987527255843
HAYBAL	0.01395203203240758	-0.06073450494501609	-0.20984405843105203	0.20831023549553673	1.6563572304878518
HIPRIH	0.08386866833885387	0.2163243595275368	-0.2186170198755577	0.2808074448059453	2.1631113306926135
HIVSAG	0.02210458316885866	0.09453243078678097	-0.22355209395903397	0.25065675941276633	1.9303155227107753
HOBJIS	0.121214934783763	0.7297869668096584	-0.003981766662594977	-0.32176551969798955	1.8762886624635144
HOBJUE	0.12931383975328892	0.5971672231520251	-0.009737755302746676	-0.24580737595055835	1.8013965371476064
HUPNAH	0.11954573299188542	0.3742156772325669	-0.2214369688872202	0.012663112484185612	2.0019688936903974
HUPNEL	0.16269076781962166	0.5407464503583261	-0.3580272556317581	0.06905999886650072	2.5278249909340245
HUPNIP	0.17035874071214252	0.581583867408261	-0.3611686966962092	0.011014009954215864	2.49027697429386
HUPNOV	-0.09034069704501824	-0.2079239446215282	-0.10933762485193999	0.06478402891355617	1.2470636860067061
ICUQUS	-0.03363491865763368	0.03847617925071045	-0.1306370532057599	-0.11193583028740561	1.3049726464217155
IDALOS	0.32881984104575945	0.3829592445401211	-0.2644474712745536	-0.052051613152450604	2.055981543778124
IDALUY	0.2271141545229387	0.5963818274883481	-0.3373913646215758	-0.12520529437963768	2.2524454986779485
IFALAE	-0.19437589035130043	0.11534717096675617	0.41559442454306295	-0.15150024513136667	1.050126129456561
IFALEI	-0.20631567968690567	0.08574903055378602	0.4354927173460681	-0.2175230736780321	0.9682266056993483
IGUGAS	0.13536104372266022	0.6455663088675281	-0.22586338909755932	-0.004675852207830955	2.452140315348314
IGUGEW	0.1145270860957166	0.6197781651875363	-0.20280457998694568	-0.030948675695457672	2.3432035650508594
IGUGIA	0.11467733100826893	0.6126272633820844	-0.20593198160069692	-0.029196213423490547	2.3257148135045984
IGUGUM	0.12573835925754362	0.6034247746957133	-0.21703079213244603	-0.04997507412699903	2.300981037934103
IKUDAU	0.0349179468549774	-0.2454807225197766	0.13167760876642443	0.04695380619779421	1.0512403787773685
IKUDEY	0.05260603356318705	-0.30179713072344017	0.12112094162490772	-0.046479320364541166	0.9557719751641279
IKUDIC	-0.08754499798437299	-0.3320419593402999	0.196284706715824	0.00574934786045056	0.89273243604913
IKUDOI	-0.050684368279079184	-0.2578409274147764	0.18002865673369084	-0.015134122345596968	0.9442965341424876
ILICEN	-0.1116763051120444	0.03197952678606386	0.07097320909133353	-0.10902965880314985	1.1775865293522747
ILONAA	0.054530990721211925	-0.07149414113719121	0.17891667816392154	0.06145172292916401	1.1797677899938908
ILONII	-0.1427716036009703	0.14799358791639516	0.240525696260788	0.020321184715527685	1.2930416659046542
IMESAV	-0.18276705683118322	-0.22720473934818886	-0.024397776530372672	-0.024070016514700643	1.083054661938616
INELAP	0.011072445740933023	0.040834560931370945	0.29848906588949653	0.027457440678071432	1.171309463134878
ISUCOO	-0.18524922477544847	-0.11507681386238522	-0.04957417482317683	-0.019722675697420144	1.2065303305379331
ITAHIU	0.0650832114286255	-0.3002717208083574	0.28679522744036046	0.21734751349782688	1.0851673032929072
ITAJAO	0.11469947851582551	-0.2785121347259851	0.20315606484143012	0.17027615129665563	1.1346644281385476
ITAJES	0.11489309424083372	-0.2385508872170914	0.25122849636287037	0.2155243241738708	1.1792664114444502
ITETIM	-0.1523788367553951	-0.24557257969693636	0.07182533736383112	0.08766447575731617	1.0905962662066704
JANWUR	-0.006849219446864563	0.00014967299788315458	-0.004272225941882812	0.19726488398077313	1.530068843588162
JATXOS	-0.07269181272923175	0.25585754048306075	0.24218879796278303	-0.127252244907466	1.2752516530610531
JAWTAC	0.09470925117142759	0.17156985929968416	0.06455944414856507	0.23222226464336027	1.7421286804634226
JAYJIC	0.1635101196133113	0.4094846702571542	-0.04870382270296125	-0.2395476301357058	1.5641623566381084
JENXAC	-0.1465787857158105	-0.18485464888130698	-0.027017794947869378	-0.10969948892019088	1.0409767693407603
JEPVUV	0.13766706277019614	0.41142355946968223	-0.3287073533398096	-0.05672770556881379	2.0437170797933613
JEYGAW	-0.020038652905203014	0.07474892215059015	-0.14294954291867945	0.060712344587947276	1.5605700112842729
JIHWIG	-0.08764872088619624	-0.13769832865784704	0.19808851364893698	-0.2223096810066013	0.8570594059428023
JITPOR	-0.0784157710646951	-0.16643753967681763	-0.18405817089385568	-0.03954749883879083	1.2360008263372082
JOMXAK	0.0026437351580106405	0.09832307344099833	-0.18797925480612188	0.0030981599071860932	1.5770380996877151
JOMXEO	0.03313748320532239	0.11796414424762602	-0.21031038779908084	-0.02250054062231177	1.6000509752443208
JOMXOY	0.045541139845702405	0.21909488379282616	-0.2419872902418827	0.08287685287774349	1.8986409825048187
JOVMEO	0.0398667201050138	-0.18790507719654093	0.18765325553446033	-0.009324977076767271	1.0186850604587274
JOVMIS	0.019501706001184393	-0.06637367939065175	0.023519865328900602	0.08884168589775132	1.3091618899949384
JOWLAI	0.027130733039938626	0.34891249916382794	0.06845772686140106	-0.1457872952053102	1.4897043769536467
JOWYAV	0.23565876223198945	0.5437546806038145	-0.1207865891401354	0.32456898997787154	2.663828567435993
JUFWEM	0.2504569607016838	0.5436934021778566	-0.5322151012343445	-0.10003457477876238	2.4679852500297037
JUHNAB	-0.16490336313464216	-0.23442912252382753	0.06116860468603247	0.0693040093980436	1.0898467723656362
JULNUZ	0.08902041991102339	0.20476732861369573	-0.10629180747233091	0.35019569870262346	2.1293877634828613
KADXIZ	-0.038170560601655135	-0.032549611302660875	0.05729657389417975	-0.03947978576713107	1.1825277062994226
KADYAS	-0.07454405600090408	-0.14644815725618976	0.09542988454688683	0.002992881927117441	1.0931121066006382
KADYEW	-0.1622648312747641	-0.3551444130695929	0.1263994173119034	-0.11681609282345745	0.7934139504677458
KADYIA	-0.02840290038856197	-0.40017118766988835	0.1042483811048125	0.05149834054684144	0.9383838761757494
KADYOG	-0.02723576452438836	-0.14746305124899672	0.004268244190831938	0.1292369112067513	1.293048025601258
KAFLOS	0.135897640373976	0.2876041343456004	-0.12842509400396618	0.2818379722872867	2.1877964168421005
KAQTOL	0.16221151436145664	0.6456279098320721	-0.3576376053037149	-0.5367581307954603	1.7309716978833904
KARVII	-0.20399070550153797	-0.3242325272703397	0.18677538882528744	-0.05858927160017052	0.8320354062429587
KAVRAB	-0.015708812554871	0.18780433992183543	-0.05022570186540598	-0.04167112067271783	1.526159658608504
KAXMUR	0.064248049054207	0.1480382568606009	-0.0849373920679104	0.27900411502409395	1.9099825568721893
KEBTOD	0.050403877239840966	-0.17603417752299233	0.20822068975716435	0.012058140660355599	1.0508479660063488
KELWUU	0.0030064309390025468	-0.0676751972900842	-0.13710696474291184	0.3436122585562026	1.783151888721697
KENQID	0.0932030362756473	0.592935252854291	-0.33431391980903835	-0.333800752500791	1.9738961676232238
KENQOJ	0.05382745577097858	0.5044074553769438	-0.07844770894798425	-0.41627807733003475	1.5266313027164287
KENWOP	-0.22078532455744426	0.13829525789496921	0.3897109846739839	-0.42219067767957413	0.9324674953405765
KEPKEW	0.14596100045297344	-0.32879198505322504	0.2558758696140886	0.23748316948723847	1.1459365519893294
KEPKIA	0.020872067437897046	-0.393156025894426	0.2701419278990984	0.10704244788776618	0.9118450637323998
KETNEC	0.0035714066735970107	0.20941997512949762	0.023636416529128068	0.29114979045088496	1.8894768856654782
KIBMIZ	0.10694015428736403	0.46291813202038945	-0.0845785860947954	-0.3623082463008598	1.5236304803554304
KIBMOX	0.1108067081013886	0.356974432686211	-0.22384472218220597	-0.1463687252011439	1.755672604739524
KISTEM	0.03324881041760741	0.33084403418944675	0.1275653079023551	-0.24163859496681134	1.3471981548441352
KISYIU	0.030440817938113263	0.4148530668489072	-0.033584298426452275	-0.34110888378021614	1.4539438386366457
KIZNAI	0.08205378873999325	0.40560249081495314	-0.06731465296395545	0.010428871048873689	1.8736177276363692
KOSMAG	0.15702362902677525	0.4814474369686872	-0.10092710528951243	-0.2681860434898428	1.6688680344604498
KUDDAO	-0.02543769891433123	0.1069167157414963	-0.23458130734130023	0.3056833490233598	2.047984878517635
KUGMII	-0.18305520008136456	-0.9010691612465751	0.1324742684178326	0.1462976565535492	0.6771836217043966
KUVNEU	0.0165864640685518	-0.005562492899702676	0.06349524066693712	-0.1334910724608096	1.1249470513729818
KUVNIY	-0.07460600684770924	0.12283374274616499	0.0027043856209303385	-0.15546543014124803	1.2732562311131344
LAPNOF	-0.05960415162635302	0.28821440827498446	0.3601880368911632	-0.2519258822139911	1.1217322429238972
LAQSOL	0.21672059445447944	0.14665318445637032	0.3011549094371606	-0.028540288735643182	1.2735618542735114
LEDVAS	0.2279554235502239	0.5592012181684272	-0.33654197505620653	-0.2775814084886705	1.9680556005344392
LEHYAY	0.08437557249941752	0.5306811021228719	-0.03313094274183093	-0.16841200886651486	1.8358002978119252
LEMSAY	0.05979233816433571	0.46742489786459807	0.10117959840163504	-0.4686865697090023	1.27820563598577
LERZAJ	-0.017196318036232006	0.32356999367653394	0.1573312751198006	-0.10746965904202921	1.4421058968789964
LIBTIZ	0.1224605484633956	-0.4600813382140805	-0.25907764761786234	0.27125155234014076	1.5633400767939476
LIWVES	0.007503054148318311	0.2527163190497177	-0.019216147187645305	-0.13564912844033855	1.4794715300145196
LIXFIJ	-0.02225499780310325	0.22716810931367837	-0.1554570684236365	0.007094581892704399	1.714820577415268
LIXGAC	0.00434825196181321	0.21939472312715536	-0.12392681379731307	-0.032897510693236987	1.6316300363619707
LOPJOP	0.021955912868822258	0.056636393797460105	-0.23296762401857463	0.17249501085103003	1.785712586468006
LOPJUV	0.007621788814511143	0.1828283643822961	-0.15446187002748246	-0.12144952132611975	1.4933842980197751
LUVZOS	0.09015099717130504	-0.03924430629366604	0.028438865297936156	0.04619135016501186	1.328717495626282
MABLOR	-0.023295322937475937	0.3385299944096225	0.22384021990077474	-0.20810409967623328	1.2993470414391652
MABLUX	-0.011935328283547042	0.3076836870892121	0.14695979372799095	-0.21811719528392026	1.310531265775274
MAKDAE	0.06519181824517117	-0.09991938051485771	0.3382356830042479	0.008918882730313382	0.9898075040809435
MEVDUM	-0.04949608089955104	-0.18386864695271576	-0.21688558848216488	-0.03501790199920585	1.2580969658908365
MEVFAU	0.11526173795228511	0.3968046780932877	0.03226503070724318	-0.24791030515852708	1.468683164960348
MEXMUZ	-0.005499376652947197	0.19168349605503066	-0.04178192430184091	-0.10903090859875647	1.4551101135745506
MIMXIT	-0.14870384830708683	-0.2103502024785331	-0.0295969012347308	0.07289404767627339	1.1683537172981324
MIRXOA	0.04971993319722379	0.06378894680998526	0.023175701089253264	0.17408385504401103	1.5835607400322895
MIRXUG	0.12837044730840375	0.04799929758000099	0.3022272962719068	0.027671006436530865	1.2107079939851186
MIWWUK	-0.01619322092825315	-0.06992303432525038	0.13496265469451285	-0.21937971014089075	0.9424320555118681
MUJVOC	-0.2006382107639897	-0.23829894671357632	0.18829811838440746	0.05903959205991338	0.9962977620659916
MUVCUB	0.04220801278312725	-0.004575630990199642	-0.24171607397735428	0.15465649820292704	1.6983698096619297
MUVDAI	0.022464430133249724	0.13964104255065024	-0.14352946269647804	-0.05197052786449352	1.5275066728998623
NACYEV	0.05096165875474479	0.17331927713242123	0.2798721242563551	-0.2071257436259425	1.0817777309847085
NAGMIT	-0.17122178154708134	-0.10844864167587476	0.05145660793118556	-0.1536681208650273	1.0716926381137575
NARHOD	0.020896079921569832	0.16436132942192616	-0.17607757626789988	-0.03557612508459573	1.6046121832515121
NAWVAJ	0.04758315586885953	0.09388649336096488	-0.10894188266216687	0.12434600039203791	1.670411313964384
NEBCOM	0.011035435199994836	-0.12151056064397503	-0.13129918833470278	0.2151451986268198	1.5175520247185963
NEBRIW	0.027152930879575266	0.14099404672891103	-0.08445506204880715	0.1486733748329987	1.7225208720901315
NECMEP	0.056486782193752694	-0.18788543187395668	0.1940349936088792	0.030607832848717043	1.0644561008004993
NEDKIS	0.14500805885049672	0.46340897665405345	-0.2807391030257229	-0.03301333768047665	2.1745417588141587
NEGGIT	-0.03456341261112894	-0.14924248522067884	0.1089993931286437	0.06436551422561998	1.1345770945073954
NEGGOZ	-0.12621957147773344	-0.18733112050917367	0.13037590796602805	0.09322628548569212	1.0974156089581806
NEGGUF	-0.12449873320985527	-0.353228158765309	0.09509147152913933	-0.06317451746547476	0.8601868947494409
NELZAF	-0.1410476332990902	-0.06279942934710459	0.13159513441302417	0.04830631497952653	1.1862353177463063
NEWYIY	0.07580130577938782	0.5202268388375302	-0.012261433199102667	-0.10289343313691401	1.8886931788802517
NEXVAN	-0.06432960610731442	0.1806451840882337	0.024666330102734113	0.0015361373200017958	1.5132372927158213
NEYVET	-0.2799915475790442	-0.05797581673358154	0.12520662253908932	-0.4622114460774719	0.8492799172447509
NIBBIJ	0.23130096619004092	0.7366987021158438	-0.29000849309453713	-0.3646599538122144	2.084698405441087
NOMGII	0.08034268459820826	-0.11019418955474602	-0.2719917216832459	0.2928117492090653	1.8086198770812874
NOMGOO	0.07412750341152985	-0.1067913271168277	-0.2727035236183202	0.2735397686774954	1.7795811900215237
NOSCAZ	0.048132607712373376	0.14239593394541972	-0.10200005136762869	-0.12338671447096161	1.4129026561932831
NOSCIH	-0.0012924790012263099	0.10785690303547346	-0.09355861591277548	-0.09130947629489478	1.4020470227892852
NOWRIA	7.512869193337934e-05	0.04477711060572842	-0.01213231963520034	-0.025605922274311133	1.3440245831007842
NOWROG	0.00390464830039039	0.107313211788155	-0.1138906164746265	-0.03710306841131983	1.4731114585735137
NOWRUM	0.05324046129239246	0.1372705003818826	-0.297365495849891	-0.009503777822085668	1.688685117901809
NUCKUS	0.058677886931726375	-0.3816480460780136	0.2466979388934052	0.22335128090456313	1.0474746620397686
NULNEN	0.06377385565481242	-0.08123959427014737	-0.25260690751012804	0.26179383236678544	1.7693754797822903
NUYFES	0.06210431047666565	0.202809748329301	-0.19041145357549905	0.2559565275343645	2.0694110930076413
OCUGAU	0.1957814648327596	0.3009923530264196	-0.13154448510470784	-0.026833515903649352	1.742517274925958
OFUDUP	0.016030625998298298	0.007066351283931738	-0.030314131629072705	0.0868706735360878	1.4456899166544932
OFUFAX	0.044459594901863575	0.0009730389753137558	-0.06178441782777444	0.12034911171494889	1.5208977439310187
OLOKUW	-0.026523770221822396	-0.3348858373033887	0.45252212266567104	0.11184897521159176	0.8385591757913329
OLOLUX	-0.015082313373975698	-0.16167155957299784	0.21679146120543713	-0.012444418460673679	1.0074829182425582
OTATUA	-0.16820216544806788	-0.015965203887175594	0.18289045397041015	0.16787155161408462	1.336259254229273
OVONIZ	-0.13603381106078305	-0.16405626359534642	0.37356454570956776	-0.0510473479877509	0.8997103458685831
OVUFOC	-0.03494251839866447	-0.2890173163301135	0.41793938751463333	-0.043197612600531454	0.7922064111779815
PACVAQ	-0.05315815401318691	0.197979337987094	0.3505667425016139	-0.18721971171354912	1.0829571376658742
PAMGOA	0.1518919032637256	0.4836287318036754	-0.3920468438659369	0.1580503588642228	2.6025999333143197
PANFEP	0.13764418865935557	0.21445665716493245	-0.08362143901939789	0.2513422813777384	1.9775355057229804
PAXYES	0.24454867355952192	0.6724708068040051	-0.4678340070111816	-0.15612722158632258	2.523417094087984
PAXZOD	0.0328896078397336	0.10621166700663842	-0.21232769641498572	0.009466107682656766	1.6291376110389937
PAXZUJ	-0.10401049011667296	0.025179597059521885	0.1405673168138475	-0.2246393013600329	1.023827243559702
PEBMIT	0.014190487230570037	-0.4968571149892611	0.3072033613988483	0.09246473535769395	0.8286043418198853
PEBQUI	-0.03473907575233892	0.03705624454682033	0.06317803579127723	0.1951103934502053	1.5271023180354781
PEBVUO	0.13713633323528418	0.5578424729239329	-0.09875566873674324	-0.32825850283938185	1.6656551048154598
PEGREY	0.04399455880407843	0.08541417844755195	-0.17108957762974053	-0.017482147595511366	1.526996320381218
PEQREI	-0.014872957697937172	0.039375560243108065	-0.07571572590998166	-0.015365968536845354	1.3654674175622732
PERLON	0.1444675766187733	0.34460780979640404	-0.18218417660660746	0.306864149556492	2.383628276547663
PIJCIW	-0.41491619473830554	-0.35026265817920477	0.1966896583595663	-0.09674105720726373	0.854812173074229
PIJCOC	-0.11912697737584521	-0.04047986259387448	-0.00573992741044993	0.13906116435265958	1.4073860259162254
PIRWIA	-0.3004335800427693	-0.42413264909767623	0.17212214136191228	0.06102592004472607	0.8716346633776864
PIRXAT	-0.26203617452453365	-0.4845770374696814	0.15543970600228052	0.055427843936288634	0.8223888603131446
POFHUO	0.007001500945178929	0.5498054442406457	0.053469044939078	-0.15547229397834195	1.8008637962284204
POWKET	0.04283225614363362	-0.21473635615574738	0.07279226766932112	0.10944644729420427	1.1595306266556982
PUKWIB	0.019494244719638232	0.2023747298784504	-0.0193206106149324	0.11587070545427758	1.6851878349804232
PUWZOZ	-0.015883971148493492	-0.13437119489652805	0.07486460178668675	0.12648327267371817	1.242050027340688
PUXBES	-0.11734593197055876	-0.1590712532400662	0.1869011978369599	-0.05001537452689425	0.9747701332795631
PUXBIW	-0.02155923173977592	-0.05908920348720459	0.014228419559320304	0.16259860208141053	1.4029676966022409
PUXCAP	-0.06738555865434837	-0.16369165936138108	0.13829875811864922	0.1012185983611179	1.1303182638966054
PUXCIX	-0.07390827737281258	-0.03610913217331291	0.12050005966406818	0.06724367868017678	1.2228756655285782
PUXCOD	-0.0019343107901605983	-0.11754963717403522	-0.005631883227835033	0.08539234758745518	1.3058180178712864
PUXCUJ	-0.014990530715337957	0.05158932895438584	0.17464531963465246	-0.01620570089855211	1.2031840223048968
PUXDAQ	0.1128346676760339	0.04393843231069727	-0.2830216875569378	0.2231077073112292	1.9700414468283023
PUXDEU	-0.06748672589686033	-0.2008505435012644	0.20024601838870093	-0.04891570572540127	0.9388412896108163
PUXDIY	0.08008562977826217	-0.39302789500635793	0.09299677202973466	0.12919641652922265	1.066029125552556
PUXXUB	-0.07834533084150053	0.18533075191539172	-0.0031944419453286965	-0.2662111957066435	1.24569399586718
PUYDAO	-0.016994794594412	0.03988700846175108	-0.015618709579941381	-0.08847810891325009	1.2746068616121398
QACBAY	0.020726223193686444	0.4301107517495608	0.09507639644541999	-0.15274076501350387	1.5941204098704904
QACBEC	0.008350626737070765	0.4253384485614551	0.09916793631070075	-0.15130376921715866	1.5840870298176597
QACBIG	0.0020443866406552047	0.3733942422433243	0.13447124041426872	-0.1926098522430224	1.4546464180970744
QAJFOX	0.03707299974605727	-0.24125770541899216	0.25995085816414254	0.2051229366020948	1.1121359707148257
QENCES	0.00568543796284926	0.0307333193301087	0.012695987438499756	-0.30748499004023766	1.028209150687211
QEWROZ	-0.13854066907257767	-0.14106767224151273	-0.06902607583727893	0.20887611495928282	1.4289296966906253
QEZQER	-0.053007806697821236	0.039010760868186445	-0.04645904683361923	-0.08419823696194995	1.2930532398084653
QEZQIV	-0.03301317479035637	0.07551746918224911	-0.047626898138884766	-0.07370397740550744	1.344567024833348
QEZVEY	-0.11952700919654702	0.04225614569318692	0.11535562587175918	0.0900811244224542	1.3489202367176851
QEZVOI	-0.04162438525013079	-0.15683510445850057	0.3036585266095757	0.08836253749914535	0.99438454823643
QIVGOS	-0.11720762293136544	0.04933274992869485	0.5111522828976487	0.03189989103946955	1.0390153405517375
QIZXAY	0.11530812158918935	-0.4064305529073615	0.2459647100767095	0.13094375282602433	1.0242706100642007
QOHMAB	-0.10684349315250685	-0.16424040484281432	0.3042494510308529	0.012770048603491846	0.9463324321649903
QONHEG	-0.0339152094863997	-0.01922786378827457	-0.03630584677687465	0.09904188682542459	1.4289879301041373
QOPXAU	0.15591363820564075	0.2736252806106756	-0.05007008755006215	0.10941450445650058	1.8606386383251445
QUGBUP	-0.07487321566931304	-0.3187486600540139	-0.08627737859420348	0.1065343607552326	1.1569040926151937
QUGCUQ	-0.32330624375570993	0.019741779236672308	0.21872609119772446	-0.10704676600714724	1.1328328754895622
QUGDOL	-0.1561833162439754	-0.13077094437396397	0.13356126228155785	-0.19961440882896897	0.9198999496779742
QUGFAZ	0.015009002689465145	0.003922100830958897	0.21901236425743176	-0.24958643482795867	0.9433417892516801
QUMXUR	0.025128365665794572	-0.08019692911304865	0.13666877483529816	0.13537172189757785	1.2417690157739172
QUMYEC	0.09998115733625679	-0.2356856874537887	0.2583318088655622	0.07277041792953576	1.0265752910742316
QUXPIJ	-0.31078839325790364	-0.285945456233585	0.0969487399531801	0.04953562154533775	1.043073549852561
RABHIM	0.13692281131310358	-0.2619494688511108	0.3929694889435149	0.1367144633311127	1.021984904356586
RABHOS	-0.14990558031076162	-0.7853366922405645	0.42182105311753126	0.1519963032124817	0.6829032262513556
RABHUY	0.07380301169697279	-0.4071671888478048	0.2969744477965106	0.1648277075461042	0.9655088644324438
RABJAG	0.08569757673558187	-0.38995675911967487	0.29072344681584217	0.141253860812525	0.9674830587478871
RABJUA	0.0559951327119772	-0.31338837288830135	0.42715192047418604	0.09206314215103972	0.8782624653772328
RABKAH	0.046033002183524685	-0.29532723948640216	0.42511944496995957	-0.0007914959147132805	0.8213174217501839
RAGWAX	-0.057852228161528796	0.002198640818893427	-0.15723268088009323	0.1681114465250777	1.6201428929369286
RAGWEB	-0.23180631916262429	-0.24947027673279853	0.1771021532417929	0.066360379120314	0.9995513187467349
RAKPUR	-0.0516861016618666	0.21198332378706697	0.2365826655434946	-0.24603246070182105	1.1307171537674086
RAKQEC	-0.05938021523705017	0.25463286841949007	0.18533864285660218	-0.3047781723323154	1.167960507795752
RAMSIJ	0.002065227962352978	0.25213136470837627	0.08711496965314791	-0.20217262097816235	1.2966928845317178
RAXMAE	-0.037866472024392195	0.12348242406806298	-0.047222070482930034	0.14642082093180586	1.673272343697226
REKZUC	0.07469251982253633	0.4551560580737335	-0.15483280047786063	-0.003979824493929973	2.0324614969469255
REMDES	0.07721288820343775	-0.060905547708126395	-0.26258076142253295	0.3477146771065386	1.9346612045592912
RIFBUD	0.029500196138371182	-0.05851547496896181	0.32093653298586555	-0.05975834097941912	0.9619027837713197
RIFLEX	0.06094844674538091	0.23959260956380435	-0.22828913519366323	0.2978139494571088	2.2224393629596433
RIFVIN	-0.26229475316803885	-0.28128866532937247	0.08731655828403762	-0.02628927910979717	0.9639862243883888
RIFVOT	-0.2911596649113317	-0.2940000902825246	0.19238783249320113	-0.08219023290351507	0.8703559316675171
RIJREK	-0.0951846059738144	-0.5368613178996315	0.2172260157039987	0.013491120193323658	0.7326303324266684
RIKDOE	-0.12511327139949002	-0.042429218214974807	-0.12716512986164963	0.1713343579044294	1.5563881285301169
RIKFAS	-0.13482250634895276	-0.0693058687905892	-0.13194077019525174	0.16727708254530904	1.5142759374978783
RIKFEW	-0.18268704268537506	-0.08615485668800282	-0.10303195299345447	0.11499321486724201	1.4216795630754446
RIKFOG	-0.17818084963342384	-0.040268900895079174	-0.13035811898765282	0.17752329874717898	1.562949265519411
RIMROU	-0.09915930396928019	0.23176927871501452	0.431982300269669	-0.024523432289155545	1.2181794362985259
RIMSAH	-0.09519078480747667	0.26713242980290763	0.46219538342193034	-0.04516641477812272	1.2217377868190185
RISZAU	0.013169448876129808	0.37579812334036067	0.1368146825109955	-0.14271077716900615	1.4633967004201396
RISZEY	-0.0916894552359877	0.10266058002263279	-0.04316247104649418	0.0002427328054159794	1.4689029378954706
RIXRAS	0.11915146181272207	0.17610010502082218	-0.24187886894001198	0.36390107233510016	2.2725656980940507
ROBQAC	-0.17276935891150025	-0.45780082880317696	-0.061738970592438935	0.08430430127702926	0.9820521297448817
ROBQEG	0.044014187345735145	-0.03655163331304445	0.1786988346904026	-0.07360456124719689	1.0911313326002121
ROBQIK	-0.046026760834937175	-0.3190585053699895	0.019757440387573766	0.08570925551236952	1.0653295870341746
ROBQOQ	-0.06263041443734907	-0.30703729967436866	0.02791155647898358	0.013552631686529204	1.0093194018818843
ROJVER	0.004711344259786587	-0.46937156089118215	0.294978430273811	0.10353616193141857	0.8548909548470023
ROJVIV	0.08522847717883475	-0.5182230410811561	0.3856619340066776	0.21216295796053042	0.9169901554722442
ROMROA	0.0288753450432524	0.042229444214195055	0.030399231970603235	0.08007915062560433	1.4479330347593748
ROMSER	0.25193182024882876	0.2724756015163545	0.008677288980377451	-0.10538214586969169	1.5750296543548212
RUNKIV	-0.11505100196626783	-0.1602990364469563	0.04909121376724079	-0.07264872114398535	1.0325114324617233
RUNKOB	-0.06538635625754141	-0.17833133945137458	0.08074972120280499	0.028012440693346075	1.0743165988206067
RUNKUH	-0.08655749413101321	-0.2418461453552081	0.02937893955592097	-0.026988193745179356	1.0117594989329035
RUQZUY	0.18753712177878068	0.34392211225181146	-0.11413243011056928	-0.1741569300859918	1.6290567350330107
SABBEC	-0.1890084276395534	-0.30183510808887615	0.06376511002619933	-0.05498392955797621	0.929132522888029
SABBIG	0.20966324500898903	0.5429279027652023	-0.29553994700482533	-0.31465326105043545	1.8672441725631386
SAHBEI	-0.16854014366925396	-0.2712815054805393	0.24409480320512267	-0.13476864389807258	0.8052024099015942
SAXCUQ	0.09203079919475021	0.5693440345228744	-0.36402025285432615	-0.12877413212876432	2.2591075639590494
SEVWUN	-0.19855053319377758	-0.26865457909684975	0.32094065818386674	0.19730980918948138	1.0073439525515848
SIKQOT	0.06484995797359416	0.4552988689914752	-0.19280283508528584	-0.07280943496716047	1.984049271258811
SIMMUW	-0.04991705116844236	-0.04585461622230369	0.12631598409393963	-0.13545079028385787	1.045828014374062
SIMNAD	-0.1201651734890763	-0.3059796458261026	0.2797605998509971	-0.1235927491579254	0.7740991914792699
SIVBUV	0.02851078148251962	0.14358817702565485	-0.11437699477168972	0.31278676392841287	1.9723535490235111
SIVCEG	0.07436951508475409	0.12912175390322833	-0.25302431851842344	0.3231774740425154	2.1390691311501797
SODZUG	0.03357034224599831	0.17506110349753579	-0.0692825955996419	0.1542522781845156	1.7021764217322266
SORWAY	0.06038835617578009	-0.09037385724170344	0.2032764036749639	0.17295112696283943	1.2402246889094033
SORWEC	-0.13020024169198186	-0.12327377569378761	-0.2186798663720293	0.1142308951757407	1.4730555805849654
SOTKUH	0.12066887841619844	0.4191366301501023	-0.18789578211613	-0.11116413130572256	1.8607175203425357
SOVMOI	-0.5467489326232058	-0.5438585557037667	0.35912769572909786	-0.21052058435456483	0.7020426563363533
TAQLOM	0.26012318124767253	0.7921089914839357	-0.4562794705531107	-0.31001723802834197	2.4442459916533665
TASGAV	-0.00829158319084633	0.13589419786988266	-0.2301081022857413	0.06366473607999157	1.7625137742419117
TATJEG	-0.09794031425553551	0.029807699618848993	-0.0879355800641739	0.12237748937917936	1.5389522017950796
TAWWEU	-0.2014957197679721	-0.1321610318322839	0.05901377759219484	0.005466650341647061	1.1831973049578333
TAWYIZ	0.07783440751096316	-0.02313437160235976	0.39343105943560297	-0.03408899894966322	0.9949891297806799
TIYTAW	0.15070075479880973	0.6363408388221656	-0.24409553447962695	-0.345629196229419	1.9192340312336962
TOQKUF	0.050479216873719146	-0.3403421556523045	0.3813917377979208	0.06212155184472512	0.8789488396040248
TOQLAM	-0.031548663804972676	-0.028580136820940627	0.05815468196911899	-0.07881400644436487	1.1628806471857334
TOWFIU	-0.13093784724187385	0.17537487387097572	0.28043392801554257	-0.1600016923069587	1.1569048807074493
TOWFOA	-0.0006686375394278077	0.45248059880736013	-0.05937308103937888	-0.3533426113811355	1.5125320804035747
TOWQAX	-0.21224022550031552	0.029469116627630854	0.247161626867894	-0.3658418873444418	0.8932327260394957
TOWQIF	-0.2129177140678069	-0.2762323533622557	0.17394127213440203	-0.13599267126927383	0.8385184645260789
TUJZED	-0.015360914758528965	0.07142814587288937	-0.10394041953282152	0.21654727028846044	1.7602854829032883
TUJZIH	0.03079473434686908	-0.15850633588422403	0.11939292297713688	0.16142105333754553	1.230952802824097
TUSMEZ	-0.11467078183941481	0.32941794404091684	0.24460495819127948	-0.3277726325104307	1.222843403555998
TUSMID	-0.11576123103538727	0.33335920236346617	0.23958981267754265	-0.32985017197969646	1.2299095308614858
UCODAR	0.22742329838778463	0.38537143964192566	-0.03027799131366815	0.059957806212065035	1.8954555417117318
UCODEV	-0.053391799436703025	0.1563511807926079	0.07435443535527009	0.0853728674594556	1.4942357625379918
UHOPAK	0.0580937033077118	-0.12968923161886714	0.40347497339118665	0.035011145248430964	0.95800167829809
UHOPUE	0.040341062310409015	-0.33661212773376237	0.3039063558368891	0.11240502658651708	0.9101448982014553
UHOQAL	-0.12260956144594837	-0.23366444700093192	0.20265027234746746	0.07778537689783815	1.000337213733315
UJUYAB	-0.03069253553918716	-0.46153386013445674	0.1942622216078218	0.05954373310375649	0.8780420242122808
UJUYEF	-0.15055142977456692	-0.1765183628969016	0.19879158948625797	-0.07362432657313989	0.9299908351318067
ULUPAT	-0.026472024446173137	0.11916823460036507	0.11774286258645228	0.07216778504121424	1.398096814762722
ULUPEX	-0.08615547091923714	-0.15083717095331917	-0.08751931718867345	0.017715388387016695	1.22644166735998
UMEJEC	-0.004696236176221724	-0.5772240047991373	0.3428775254684262	0.2374608880309781	0.8988429620126449
UMEJIG	-0.0026971095930623523	-0.5029825857266106	0.28132815860630545	0.11209859492267038	0.8418499922662082
UMEJUS	0.10475917801954915	-0.2582889790758074	0.44739247844537555	0.08276495651916438	0.9284446573636833
UPUFAP	0.06904407110208055	0.4000458601846444	-0.16851105686392875	0.03754885005910058	2.052232694055655
VAPPIL	0.10525644009204638	0.5338713027933393	-0.28909151958511614	-0.334065761645162	1.8285220045713975
VEJDET	-0.18040458622232114	-0.13768423116926876	-0.026380106428743666	-0.03490442120873016	1.150364167104849
VERXUL	0.0771897909600534	0.14955621752304493	-0.0366301473370072	0.02667662084644984	1.552249657549271
VICQIH	-0.005903987178274672	0.07477492826193988	-0.1793844802568706	-0.07163463391408464	1.4557503240706544
VICQUT	0.09486374606071113	0.13979819981034902	-0.06446785363463237	-0.0961860544560888	1.4232277825418982
VIDTAD	0.10267514437975289	0.28221726646840395	-0.06868404843705589	-0.06042957658506798	1.6479416273952094
VILSEQ	-0.06800036124946862	-0.09348111579416996	-0.15194536846338402	0.1760325966396178	1.518060022376933
VILSIU	-0.05651474919573252	-0.005539338282207318	-0.1048979136853656	0.20057125558386346	1.6177991054884628
VIMDUS	-0.06334949002383516	-0.025569007352396422	-0.10606094754448936	0.19897850767029435	1.59049666676554
VIMFAA	-0.10784661102105364	-0.512435064932268	-0.10080268506392742	0.13999376570251254	1.0546916934980717
VIMFII	-0.06580351079268087	-0.02238579886843306	-0.16918103445781063	0.17855108801907726	1.624051259472928
VOHMUE	-0.06384101262989095	0.07890602066745256	-0.20747495514933634	0.1750122478384033	1.7837848969191485
VOKQUI	0.022702813484263062	0.41388845922694273	-0.19856768621770948	-0.07533270694824284	1.9235723742385042
VOKSIX	-0.05012437684296489	0.3162258313827868	0.2301328265379634	-0.1344377495038261	1.3490535817076572
VOLRIY	-0.006167638681912724	-0.05789110122707397	0.10730194964359052	0.06267977270747682	1.2215381362152828
VOLRUK	-0.005825264616597714	-0.18206354930082336	0.09520377597789742	0.05979942218229373	1.1217852672824744
VOLSAR	-0.08698046744079568	-0.01085641644577473	0.20661508454782762	-0.050038716811829476	1.09509731389835
VORSAX	-0.08639128496664017	-0.07586637938582497	0.13208793297337929	-0.036682011477602305	1.0845805021931039
VOXRIJ	0.20842355823796677	0.46575400645451026	-0.5171935368613174	-0.1766022898741168	2.1754054088464936
VULHOZ	-0.08537837359619727	-0.16730059164704913	-0.16087533581783053	-0.05351663570088405	1.2015784075828975
VUMHIU	0.20538989909271788	0.6944665965839496	-0.3522515871589782	-0.23330970862971073	2.292398438978605
VUPRUT	0.04196140366968182	0.14898121544997345	-0.1466434025322486	0.04199494230794021	1.664990352408972
VUVMIK	-0.2717294546097757	-0.6688428457166467	0.021747453225307467	0.03420831261191748	0.745024130394974
WAHFAM	-0.4967107500577779	-0.40068796236108994	0.48862014237132967	-0.17163419156842452	0.7438124870840133
WAQXIV	0.0863218094691307	0.3317265278196011	0.013188318248376296	0.21416816521336257	1.984988382508053
WASHON	0.0549567340169701	0.07526194308922873	0.1159483707313258	0.09574399231529185	1.4086677578749294
WAVWIB	-0.34491834371427776	-0.3737977218533475	0.13395389198943697	-0.03602283958488084	0.8867783175433639
WAVWOH	-0.3838733240970298	-0.40651335279302403	0.287557383419083	-0.052708116336847355	0.7905526896924385
WAVWUN	-0.33578711957465557	-0.37634496248770555	0.23437034899494646	-0.06839639423360333	0.812638097254385
WAWBAX	0.14859623024368673	0.21326432729705447	-0.14036266952286602	-0.13326881721561018	1.5369371175303705
WEHMOP	0.047346494598199396	-0.4080712964519857	0.2153187390103135	0.03936702950214188	0.9155899206494699
WEZGUD	0.130527917003749	0.4842166630700069	-0.14727644102700466	-0.2839786607440031	1.6462533908138992
WICHIZ	0.2060990167075767	0.2452902162606665	-0.181528624525781	0.386137279858791	2.415802962370451
WIGCUO	-0.05735139513961052	0.006595718452246491	0.1871309672731154	0.11117023353159061	1.2744678504928117
WIZYUZ	0.19364607616553942	0.17059969000992847	-0.055872396545888936	0.10567691069252116	1.7227143604090278
WOLCAB	-0.2610606399748423	-0.20165257043167362	0.0623264534736212	-0.29143486743130975	0.8355234880723621
WORCIP	0.14671339643290748	0.4393473320592096	-0.4136122884241923	0.08722375456827791	2.4157512987792416
WORCOV	0.12358008642694829	0.38471693435163345	-0.34036870654844653	0.058791088720484996	2.2012107500265388
WOZQIL	0.16150819444635456	0.008371718439921683	-0.11581909387400313	0.23763118614156542	1.7337953537086022
WUHCAE	0.054602940049445214	0.23430470185775798	-0.17822463962357105	0.35534927570202113	2.2793266555451197
XANFIB	-0.041559388987193024	0.12298552764444093	-0.1381451158523893	0.17771984897780924	1.7895876316716763
XANREK	0.01396310485301111	0.0784231667312496	-0.16209660756841715	-0.06433718452375448	1.4499289032134612
XARHON	-0.03876260577480828	0.0673618294606606	-0.01228712257241349	-0.11515151553290964	1.269084435484368
XAWSIX	0.045765606894387245	0.18896941030419656	0.09474284749154616	-0.040149182333575895	1.3998453022001514
XAWSOD	-0.1347652913022146	0.1383244660502836	0.4633768656325996	-0.1739692315351939	0.9900657520913378
XEBLAR	-0.11050466795370473	-0.1281125362864759	-0.2103401246959572	-0.11124383238570962	1.2105039563403617
XEBLEV	-0.07344332810085707	-0.2409386634592936	-0.14682431401594154	0.03232209396703134	1.2013364022749293
XEKKAA	-0.13673023116732685	-0.2186165229778112	0.012775298562778481	-0.08466142046043251	1.0133824335375734
XEXMEV	-0.042770753840581266	-0.09304490032146662	-0.09641121513234885	0.11117650504060927	1.4003082021893851
XEXMIZ	-0.051179849233636165	-0.09541539479755823	-0.09795002450460166	0.10547045035416269	1.3888695598455318
XEXMOF	-0.036435428462111785	-0.07334069375394092	-0.09603802403534867	0.10788115303871759	1.4197992035259743
XEXMUL	-0.04811440356364094	-0.04942070660353126	-0.06713674988078222	0.07315160301617085	1.3934548797663164
XEXNAS	0.012406417571073636	-0.17126217557010337	0.09558730440674812	0.026087034543926246	1.1173244168681036
XEXNEW	-0.04757627353676397	-0.020344889296793234	-0.07223072843098821	0.05264500276007544	1.407020439776382
XEXNOG	0.10648510166967151	0.15323040642518615	0.21074180490779937	-0.17861850129847667	1.2512103828071894
XEXNUM	-0.11746134225052107	-0.22276197226106875	-0.011614337715945666	0.07380231106956003	1.1432384701597484
XEXPAU	-0.08687152097037987	-0.06745332884366428	0.12677777416356473	-0.16933802963660205	0.9803516129667931
XEXPOI	-0.035197846384981135	-0.10176575069259908	-0.08444088018441698	0.10075877904270614	1.37425730732175
XIJDAW	0.20853911540812842	0.5201234222931581	-0.11751992815744994	-0.2395964764216132	1.7550560898987975
XIYHES	-0.0011498566275918165	0.3790944993555656	0.09770460297986672	0.11500219301485703	1.8566185342934438
XOBZEX	-0.17060847278087188	-0.03592192787682125	0.33761303289595257	-0.052768928178802965	1.0006128582086378
XOBZUN	-0.18351681266323872	-0.08919700886113091	0.3297256028893334	-0.055841563038137754	0.95904096409077
XOCBAW	-0.23116025674766205	-0.15037109896046852	0.35930660153237404	-0.05677322170347571	0.8913742580426979
XOCBIE	-0.2896907912022775	-0.39915901260025777	0.2032502518848205	-0.11449160091704857	0.7574266851355039
XOCMEH	0.04049018647581937	-0.48319120609315735	0.3325946637456392	0.1083523554009298	0.8374654680810273
XOCMIL	-0.10652217654491225	-0.4357858121251956	0.39631267673418513	-0.005948654785520868	0.7118693032544757
XOCMOR	0.030182798438541436	-0.4026901060091803	0.4947569562130767	0.06078766698949867	0.7592571953127956
XOFQAK	-0.30740219469995034	-0.27035923700529496	0.2415920018647464	-0.07209612055146775	0.8794475129744128
XORQUT	-0.07753948069795835	-0.013529252064993447	-0.18041747560174148	0.14714135439844123	1.5849908219611162
XOTNID	0.19267223244289422	0.3442771373990072	-0.27700273266853326	-0.0016520721630847168	2.0656479078422123
XOTNOJ	0.12622058865286712	0.35959992272039987	-0.5058334521002787	-0.036068011923302445	2.2127307342956106
XUDYUT	-0.0217882216825267	0.1568242635179251	0.11207562443482955	-0.16841809214161751	1.221355915459203
XURKAX	-0.23705202839484119	-0.134103608945634	0.26604172180744845	-0.12437636047010453	0.9371453847191601
XURKEB	-0.2473988225108914	-0.19058624051283557	0.270120603239703	-0.11410016287243796	0.8986482319249329
XURKIF	-0.231303688443669	-0.24028053054594345	0.2450773978112608	-0.08574998573327203	0.8804833640205687
XURKUR	0.1336959950228338	0.37361618903902283	-0.20053187941790473	0.37142030559716555	2.5599886693009397
YAPVUH	-0.22790225291463106	-0.04827963848274397	0.1294886614018671	-0.18342775996391958	1.0377722888707603
YETWOK	0.04668146345031143	0.2699248280800304	0.0006599794490360633	0.2216069404549309	1.9188601227192725
YETWUQ	-0.10533443032890055	-0.014874286113529589	0.0654179893569895	0.09417788052946197	1.323887737156903
YEWNAQ	-0.034207538260994985	0.24197743203420696	0.18525525359902528	-0.24137666869204732	1.180559687660665
YIBXIS	-0.21484379616832117	-0.10653264562957432	0.0011376040431994028	0.1101489111754933	1.3433152628146314
YIGCUM	0.07854720077342026	0.681974666995127	0.11594597241205795	-0.666394931802482	1.3124552523266044
YOSNIG	-0.11036189108380867	0.07282984960426919	0.05996238505005014	-0.012949855555570489	1.3101843863847917
YOTNAW	0.1807705751872053	0.3153115914207847	-0.42591853058786144	0.07933692950409377	2.23317388184819
YOZFID	-0.17283353660429235	-0.14996288612747444	0.10610444779453765	-0.06365429825951302	1.0432019898744618
YOZFOJ	-0.14274364607926282	-0.13963145138695232	0.11233271872217121	-0.08464420879978118	1.0229868996747213
YOZFUP	-0.060556190380723685	0.03696373756449045	-0.020559939723279852	-0.015774534499076065	1.363763771075416
YUBNOY	0.21739113078365158	0.5074066535578554	-0.5085457378807796	-0.11607332169148132	2.3252380072291663
YUGRUN	-0.010415483411807536	0.044179616890438034	-0.05974691750793304	0.3022008129578466	1.7862573308010812
ZAZDEJ	-0.07728572155582536	-0.24597520656984218	-0.07494522597304765	0.12756777725908663	1.220188904144869
ZEBVEK	0.2264411103727677	0.13502469534636008	-0.13787635657550157	0.28150788746992494	2.0224222877015987
ZEBVIO	0.18306264629911073	0.20312120269504907	-0.1479243416255166	0.3066167345513775	2.143416569312744
ZEBVOU	0.13120312011394364	0.1505729612027138	-0.15688954286894563	0.28470430434121263	2.0233400916563067
ZERBUT	-0.07719087113553336	0.003993732198721123	0.041512245046952057	-0.09725143286996935	1.1796730854549191
ZIJHAB	0.1999858344125136	0.6955082177609206	-0.2435358200370613	-0.3753072279779254	1.9837759920144848
ZIJHEF	0.0005458621559684129	0.30107555608358005	-0.08708902342737002	-0.351300296232664	1.3361378276755018
ZIKBUS	-0.026044673349109093	-0.2813976960312847	0.298988958934701	-0.0022589411743111354	0.8685809542001967
ZIRLIV	0.03401783110753609	0.09053559925375776	-0.1535815228583155	-0.026048830652845467	1.4925890054863549
ZITXUX	-0.08084466723816175	-0.27392598673771307	-0.13400563155951128	0.2661782961145901	1.424334605299962
ZITYEI	-0.3754012048156836	-0.5916688214850367	0.21048370981173448	-0.03077788835029427	0.6872422344519641
ZOCWEV	-0.29281170305581283	-0.0837830960015129	0.163231820142274	-0.3429052538436065	0.9177243073489509
ZOGYAV	-0.08930098291298383	-0.11093068191346056	0.10461081045434129	-0.13448063630598373	0.996372405471871
ZOGYID	-0.06971582160542478	-0.07571316080285095	-0.024487717414128474	-0.06046528384987382	1.1944954373947612
ZUXCOK	-0.03090051245012626	0.32277704812138985	0.1388546887306381	-0.13064723223810304	1.4335337242618327
