23219.768	0.040334500000116236	0.04131317760361149	0.04068410000014585	0.040653100000121775	0.039322000000084095	0.03899539443659901	0.04052930000011886	0.04110823346667675	0.04032260000011729	0.04209914415319844	0.040168883965983414
23223.273	0.046615000000495455	0.047981649688284604	0.0470128746083175	0.04703120895915181	0.04514989925877851	0.04487222125035174	0.04685510000050631	0.047752560000830856	0.0465544999149082	0.04907906312628302	0.04643481752667466
23226.473	0.05432720000179443	0.05625405338677093	0.05493335937720189	0.05490669850187737	0.05219865906381801	0.05200494495982395	0.0546309000018327	0.055997261881397496	0.05420539272283115	0.057792551109425	0.05404143817241533
23229.369	0.06391940000556892	0.06666936044852093	0.06485563619461834	0.06474919006104718	0.06074346250409308	0.060752583986900886	0.06431520000568447	0.0663801697889608	0.06369345282078581	0.0688382448781668	0.06334813520828449
23231.96	0.0760188000149058	0.07999399766034082	0.07747406844721912	0.07723700734858562	0.07118140784884854	0.07160413015038028	0.07655140001520684	0.07966741690901444	0.07560574532564412	0.08307951237046171	0.07479122102226878
23234.246	0.09148770003459185	0.09729452488764886	0.09375224647493077	0.09331148437541628	0.08400449661356778	0.08521216690954264	0.09222820003527148	0.09692899934733071	0.09075639106706859	0.10170286990627872	0.08891125270666544
23236.227	0.11140000006984932	0.11990730081931147	0.11485834619881637	0.11415471456016082	0.09977224081876358	0.10235111460717203	0.11245700007118274	0.11950412659936226	0.11014847210423682	0.12618661292158728	0.10626088562151649
23237.903	0.1366540001230013	0.14878855573538427	0.14181703117317113	0.14076776385070347	0.1188742589217943	0.12338138897416555	0.13817200012527636	0.14825465203859792	0.13457940143469957	0.15709575458212155	0.12677553969750124
23238.713	0.1531380001594751	0.1681618802329301	0.15939585204162632	0.15819542732569922	0.13093821740198422	0.1372288767778545	0.15497800016236762	0.16761238690862673	0.150424908800967	0.17876283900524975	0.140330248914974
23240.213	0.1936600002492366	0.2156708403613173	0.20348336029580666	0.20122122425773634	0.16003086551664336	0.16991578350712452	0.1963140002535348	0.21419699237425588	0.18914381091402752	0.22985687718535724	0.17175631704788438
23241.713	0.24493400036826435	0.27844640053114467	0.2622678804347896	0.25752135504639706	0.19711142960054664	0.21210314025787924	0.2490500003740836	0.2728849205491412	0.23786044036268572	0.2950205347569884	0.21400469322382776
23243.213	0.30160100052062677	0.3436772007493267	0.3255031606107621	0.3144354432016331	0.24169548837077645	0.2596865037016073	0.30401100052769947	0.33421898744235284	0.2900654551745485	0.36101128773654834	0.26675447478954745
23244.713	0.3428780007218754	0.39488272103798605	0.3793586808419272	0.3599635100728799	0.281751524505633	0.30126206385108295	0.34693000072936414	0.3870198064153027	0.33224223536564124	0.41707672549696817	0.32764622577910024
23246.213	0.3832270009950015	0.43744500142875	0.42345284115572523	0.4016040276840184	0.3239269500227287	0.34388125739124026	0.3869420010011843	0.43491590550809894	0.3742727209599082	0.4689021240927639	0.4001068975735985
23247.713	0.4340630013632962	0.48362518195364324	0.4666854815801871	0.44778159072587465	0.3774377089398038	0.3926176810088705	0.4367400013649043	0.4864421140987358	0.42905260131528133	0.520307742253417	0.4830506815639161
23249.213	0.5001180018518823	0.537661002647122	0.5159512821457872	0.5039839698912837	0.45004594794301933	0.45270437806076913	0.5024580018430678	0.5447858135740493	0.5006156151257076	0.5764069587232283	0.575989379824084
23250.713	0.5782210024884884	0.5970080235470688	0.5740296028868925	0.5709226905428618	0.546301157721777	0.5244231519081975	0.5800730024595686	0.6109496146668478	0.5873798797563132	0.6424075716009403	0.677887329785512
23252.213	0.6642250033029093	0.6580536446938583	0.6393986838420386	0.6501252407126306	0.6654052303026959	0.6077006992508276	0.6662780032384917	0.6853967654592595	0.6858707365773107	0.7157060450124648	0.7826634295779142
23253.713	0.7581030043258162	0.7222821261279804	0.7089533250526187	0.7432519324339291	0.7976811537162911	0.701938440126553	0.7602070042017928	0.7665603300518334	0.7915054616302759	0.7913122191177748	0.8771090313723161
23255.213	0.85603400558598	0.7929933385866346	0.7807487265614224	0.8437478190733483	0.925079599997324	0.8029916777930332	0.8581090053661939	0.851228277588216	0.8942513042949828	0.862514309467886	0.9485590355316778
23255.467	0.8735820058241358	0.8061761697262546	0.7934645422768053	0.8620115020505712	0.9461153191398658	0.8200097100431175	0.8755340055837347	0.8654192311196676	0.9115715806867042	0.8727633641031031	0.9554602812384289
23256.953	0.9602420073761025	0.8832486057644863	0.8651930356589416	0.9517036496013559	1.0385778560059133	0.9132564326186359	0.9621810069785383	0.940997442689394	0.9909105028775123	0.9310461645302336	0.9915793580523875
23258.515	1.0232900093026782	0.9644178025424976	0.9340248498075734	1.0165586191164682	1.0886639506545808	0.9918092218098347	1.0259200086541935	0.9983217315285051	1.0378323939187442	0.9847628600724184	1.0108364832761934
23260.154	1.0461500116571143	1.0383121749646262	0.9875234433326215	1.0407529651767415	1.0954509065095832	1.0435867278002608	1.0499700106127017	1.0245130349389162	1.0435476316958905	1.0339591616890202	1.0251814215428539
23261.868	1.0293600144754618	1.09203529649929	1.0114707409376325	1.0270946126547973	1.0749968339638716	1.0653629060399792	1.0341500128128815	1.0210543264853171	1.017901444903348	1.0745935190266351	1.0448462654975283
23263.659	0.994221017815287	1.1177112458473066	1.0048763039958584	0.9968693444624928	1.0493908199270838	1.0663053288080337	0.9994930151900954	1.0037087652163763	0.9851520591200984	1.100467342520359	1.0734345240831742
23265.526	0.9677810218109844	1.1182474617880314	0.9882117712998166	0.9726705779051206	1.0378380226467325	1.0625946531698753	0.9722020177085863	0.9915456825242329	0.9672618025961458	1.108709561089097	1.1056961961028378
23267.469	0.9625280268885964	1.103356946043103	0.9831172217307144	0.9646816307027454	1.0484427607784297	1.0657722254108828	0.9645860205417416	0.9934275290036755	0.9718542692261355	1.100960780552131	1.1270755449599195
23269.488	0.974127034339864	1.0795899319229323	0.9953518805797551	0.9722986076029881	1.0756022772568241	1.0767211406227974	0.9740250246456559	1.004798209026283	0.9944187929516529	1.0782741366528075	1.1189680896401826
23271.583	0.9938050475847949	1.0464050705242887	1.0212574483087684	0.9912434874048338	1.1060105086015064	1.0888525939247702	0.9934110329784502	1.015180148021775	1.0231677222565643	1.038007302847366	1.073663022771676
23273.755	1.016550075100738	1.0038467629352998	1.0531358537206712	1.0176028952574503	1.1262463039833928	1.0925147846511725	1.0172200534438736	1.0165010075391083	1.0447414053969544	0.9880043806580098	1.0038969171673315
23276.003	1.0375301360021745	0.9670288271843236	1.0740314334746053	1.0442553126749359	1.1222912749301217	1.0781160106009942	1.0388401046055629	1.0083804853588827	1.0521049238809255	0.9475700299216709	0.9416630777655839
23278.327	1.0510202721376058	0.9476483020063305	1.0730216646097896	1.0609828458699753	1.0823813435962355	1.0492718820768276	1.0531802274390354	0.9961298661301764	1.0474488618921998	0.9208310165945252	0.9056226010466139
23280.727	1.0562505696806246	0.941771051924484	1.0573709601026489	1.0659720568900808	1.023501815808332	1.015354628880619	1.0594305082282491	0.9852901231528052	1.0404516002152757	0.9069231034358421	0.8883368241898189
23283.204	1.0515012004121878	0.9456619008618271	1.0339040652224332	1.0585454031082493	0.9707619770400387	0.9826456160434273	1.0554411186327282	0.9768836200872512	1.0297320951205478	0.9034572979448001	0.8819204863872399
23285.757	1.0355324921684534	0.9553788973722838	1.010395732556192	1.039312982764446	0.9343446379098214	0.9565838307527791	1.0399323886348693	0.9704843590065078	1.0122618855804455	0.9068748551638978	0.8814705525590861
23288.386	1.0103450502253526	0.9661733712124506	0.9919341675032198	1.0120482618764384	0.912888919924304	0.9375093975541035	1.0146749268262258	0.9645414140137267	0.9882760988738893	0.914324190211953	0.8846087649259777
23291.091	0.9828029455051337	0.9734709376898436	0.9787138479217729	0.9833580852735979	0.9013237973754878	0.924216594046829	0.9864818103263885	0.9581492301285301	0.9640108283038036	0.9234741720818634	0.8903681803584691
23293.872	0.9606620195760631	0.975185525677452	0.9683190348167829	0.9596625766119719	0.8962338961046405	0.9161749971973349	0.9632258696324161	0.9519187261432885	0.9464062402086337	0.9330117694695415	0.8987712754400008
23296.729	0.9471112638754644	0.9729921841766976	0.959296652321427	0.943298425697622	0.8971446346304227	0.9133762899172966	0.9483411080119978	0.9474807655638763	0.9377490386619731	0.9426080389429282	0.9104405908809496
23299.663	0.9412893680680152	0.9696345465168016	0.9523288277930704	0.9337713232785669	0.904414214617309	0.9157558047689704	0.9412621589729464	0.9465315737653299	0.9368936792713998	0.9527742279614899	0.9260767794283076
23302.673	0.940908293918536	0.9667452678021987	0.9484213821143391	0.9303309496341797	0.9178299272683789	0.9226697767393801	0.9398888810903597	0.9498619890429465	0.9413326428053392	0.9642398922161112	0.945920077134039
23305.759	0.9439757112111689	0.9651057104379821	0.9474728145282003	0.9327886213776614	0.9362956783447358	0.9330384456184403	0.9423726449304667	0.9571140609195296	0.9486414544887475	0.9772859289568191	0.9694077995683069
23308.921	0.9493461229577419	0.9653633048716632	0.9485464703824819	0.9407841553670192	0.957867991411155	0.9457029571853593	0.9476064094274608	0.9670370087639152	0.9573972139026232	0.9913419191408924	0.9947257623927497
23312.16	0.9566970583125263	0.9680125399044665	0.951092617899973	0.9529368185268088	0.9798898701974194	0.9595979054370608	0.9551887738984307	0.9777737296764076	0.9669979470406802	1.004559353100147	1.018163652716682
23315.474	0.9657599109091061	0.9730538885963969	0.955639506868296	0.9668489729103636	0.9998630345671975	0.9737732669343366	0.9647633628167019	0.9872658905994098	0.9768137469535821	1.0140778639560604	1.034679237078376
23318.865	0.9754700265054295	0.97983837242217	0.9632163772642071	0.9798910469851401	1.016051754888206	0.9871918477919266	0.9751840619479786	0.9939263277513996	0.9858057414148494	1.017394184849215	1.040424992806731
23322.332	0.9840398965408286	0.98729815907702	0.9740175064987688	0.9901577476413421	1.0272846285457546	0.998673977547917	0.9845281522278995	0.9972805189669517	0.9927518250831071	1.0140323553176396	1.0354795581502843
23325.876	0.9900819984272085	0.994363924434448	0.9865373049049363	0.996859041230545	1.0325280474675422	1.007070505572623	0.9911539173135377	0.9977738720004873	0.9967873304378592	1.0060329915484636	1.0236113384854746
23329.495	0.9933473762243509	0.9999254774136394	0.9978134485133962	1.0000269096343481	1.031192590541578	1.0114932858925016	0.9946502439952195	0.9959742723740008	0.9978012091455121	0.9967238230647688	1.009447458556973
23333.191	0.994438446592013	1.0029968570940835	1.0050187630373275	1.000220528937167	1.0242222966631682	1.0117092441105733	0.995739481800284	0.9923932844370122	0.9965225795780736	0.9890700926551472	0.9962591098499842
23336.963	0.9941865871414208	1.0031612748447611	1.0070505616962968	0.9984131122345857	1.0140645437704365	1.0084593438168774	0.9954797014378158	0.9877632225477166	0.9940708772531156	0.9846775418348084	0.9858250438744465
23340.811	0.9933241174225532	1.0006903547768438	1.0047151416231017	0.9958102913113525	1.0034516535049287	1.0031925228432543	0.9947111078826586	0.9831734883289024	0.9914954895479718	0.983587824778047	0.978724464029125
23344.735	0.9925059371944491	0.9962347279970577	0.999816831858584	0.9935642724983115	0.9944439284531144	0.9976015858815189	0.9940297255729766	0.9797342952602652	0.9895943715086954	0.9847980010321894	0.974661691916842
23348.736	0.9923338948472363	0.9906269511309066	0.9941743098102322	0.992458146298283	0.9883115093819184	0.9931498816112851	0.9939418073793054	0.9781119853656796	0.988886307978115	0.9869556235327814	0.9729132216907198
23352.812	0.9933562227558714	0.9849179768947196	0.9893717617774004	0.9928671151093444	0.9854301159712886	0.9907411166870246	0.9949800590826943	0.9783437527148814	0.9896329395693216	0.9888719943550199	0.9727336157901815
23356.965	0.9959447266000225	0.9802960263654374	0.9868553938597731	0.9947734532224669	0.9854421932538482	0.9904734557388934	0.9975711337779289	0.9801453565717638	0.9919960111545167	0.9897327704179107	0.9736213321251195
23361.194	1.000038181863304	0.9779972908744093	0.9875651893966829	0.9977872927962189	0.9876259066629818	0.9917932947922867	1.001594729945275	0.9831963265687081	0.9960068848185935	0.9892216003674972	0.9753676212477114
23365.5	1.004945148863358	0.9790292011669546	0.9914080111659491	1.0011745345383485	0.9912132243016629	0.9939674530578504	1.0062862070232312	0.9872570695683185	1.001374929861549	0.98764054084489	0.9779532993176446
23369.881	1.0095963383972895	0.9838243225398419	0.9972964183169714	1.0042271064302075	0.9954945080623442	0.9964598037635619	1.010525152624327	0.992160531572373	1.007377448979228	0.9858594287254157	0.9812856657968436
23374.339	1.0129950892498856	0.991826367713423	1.0037665619134248	1.006536163427932	0.9997531601052698	0.9989019608434101	1.0133493870364934	0.9976820456919728	1.012904800132149	0.9850701475917724	0.9850457985262251
23378.873	1.0145197874745575	1.0014244736795754	1.0096682443573484	1.0079866461294082	1.0031752006650276	1.0008429111246497	1.0141878075322792	1.0033539888220553	1.016667568508575	0.9863559145339996	0.988850668784505
23383.483	1.0138431281950664	1.0103487311388069	1.0139379848258918	1.0085006937928376	1.0048649953100555	1.0016843705408267	1.012896569540453	1.0083952160258338	1.0175728013455532	0.9902315921830931	0.9925994116847074
23388.169	1.010855586043806	1.0164907745614384	1.015639613659948	1.007871118861201	1.0040493360182663	1.00092016952898	1.009482874835981	1.0119122978828388	1.0149789846377382	0.9961903630160761	0.9964519718444164
23392.931	1.0055121368432478	1.0186586101553858	1.0140168441086717	1.0058135547135674	1.0005859032366224	0.9984210881834501	1.0040948780594472	1.0132291713587618	1.008967781542549	1.002754424567595	1.0004676338872236
23397.77	0.9982313988512401	1.0168649477157041	1.009041323828937	1.002146540657681	0.9952872583946752	0.9946882523854375	0.9971669264806693	1.0120279375428114	1.0004452797399908	1.0082244513489484	1.0043955824464472
23402.685	0.9902381329360465	1.0120573808742501	1.0017517781406224	0.9972567988327813	0.9898977583476823	0.9908499781600107	0.9898643296358539	1.0086012352621618	0.9911573323508446	1.011553919653686	1.0078315293826583
23407.676	0.983410489807776	1.0058222957278429	0.9940598623234344	0.9921855387327799	0.9865726674330754	0.9883178226254532	0.9838632905787363	1.0037871467015909	0.9833193996893855	1.0125390011768933	1.0104828237270227
23412.743	0.9795699032668003	0.9997006798717547	0.988006334102939	0.9882329070144036	0.9869407190991951	0.9881836896582303	0.9806601674096592	0.9988949680662456	0.9789878353144077	1.0114836233469948	1.0122418908700197
23417.887	0.9797158810119598	0.9948229015924379	0.9849560521556786	0.986442659430572	0.9912057034823838	0.9906232833993719	0.9808759610805261	0.9952599732843839	0.9791853526452424	1.0088926000165783	1.0130720608957695
23423.107	0.9837009403877465	0.9916685430876702	0.9851137445084246	0.9872327247296436	0.9981320644307726	0.9948407787410418	0.9843279624117911	0.9936516381388154	0.9834492983752531	1.0053786901769417	1.0129013241337843
23428.402	0.9903969781271867	0.9902609098276003	0.9876687291679714	0.9903596579715874	1.0056457588175747	0.9996099117807221	0.9902439836511011	0.9939158367436611	0.9901721882350969	1.0017274987188258	1.0116030766281698
23433.774	0.9981219935066764	0.990461670956659	0.9915000496096981	0.9949902318141042	1.0117251239162313	1.0039105391777292	0.9974309947592996	0.9952246053482654	0.9975128597636781	0.998736918717701	1.0090748278959845
23439.223	1.005207998384634	0.992113715420435	0.995803562408401	0.9999287473409946	1.0150287073131294	1.0071994264796869	1.0044469986389009	0.9966558914573627	1.0041381970618808	0.9968658031275152	1.0054104335346694
23444.747	1.0103809996574211	0.9949285685321301	1.0001092401161154	1.0040270662886286	1.0150489717974944	1.009280304270923	1.0099059997043647	0.9976298665817487	1.0092221247405888	0.9960841830411273	1.0010009041427204
23450.348	1.0129459999377242	0.9983187968479634	1.0039162822183738	1.0065543934412784	1.0120727364142055	1.010046225526441	1.0128749999454254	0.9980084362529579	1.0120319911920455	0.9960184746706113	0.9964722009035843
23456.025	1.012844999990268	1.0013765503136947	1.0065799816722232	1.00729595859554	1.0069498840838147	1.0093550197968988	1.0131009999913982	0.9979814635739567	1.0119043091873128	0.9962147218768181	0.9925452370816019
23461.778	1.0104809999986932	1.0031745131230008	1.007551060836712	1.0064621625226435	1.0008603001898437	1.007172371587775	1.010936999998839	0.9978714273447	1.0088728649387808	0.9963818294723948	0.989874411319208
23467.607	1.0065649999998494	1.0032504429392666	1.0067246978897322	1.0045715966716688	0.9950977433520451	1.0038309478493466	1.007123999999866	0.9979431923466168	1.0041323945110037	0.9965123803555296	0.9888522824723084
23473.513	1.0019349999999851	1.0018926168505402	1.0046023319220874	1.002270118184883	0.9908211854360555	1.000152072395891	1.0025479999999867	0.998328430195605	0.9996169376799199	0.9968322016048046	0.9894597512537437
23479.494	0.9975309999999988	0.9999450638930154	1.0020922156469405	1.0000879185754883	0.9888243149448335	0.9971833161109253	0.9981349999999988	0.9990555094090441	0.9969831551320628	0.9976290765929338	0.9912707121162074
23485.552	0.9943129999999999	0.9983299934789696	1.0000194820072634	0.9983992291185213	0.9893410897986132	0.9956723537658948	0.9947079999999999	1.0000762895337465	0.9967804552657641	0.9990121111835664	0.9936544696772092
23491.686	0.992989	0.9976644772178394	0.9988444052820342	0.9975441137919788	0.9920323198565385	0.9957132560386477	0.9928710000000001	1.0012375772017388	0.9983563938702317	1.0007380711755238	0.9960920610305961
23497.897	0.993749	0.9981243716194719	0.9986675866344604	0.9977966728385124	0.9961440811594199	0.9968136316208047	0.99295	1.002276805917913	1.0003717797101455	1.0022676158740258	0.9983743168442821
23504.183	0.9962449999999999	0.9994835728429986	0.9993375295053287	0.9991672538975506	1.0007289487832027	0.9982425494263717	0.994975	1.0029462302373096	1.001635189756641	1.0030659152782144	1.0005888074504876
23510.546	0.999736	1.0012905022519025	1.0005297128712871	1.0012793433914815	1.004845420308079	0.9994003491767629	0.99851	1.0032013379406741	1.0017557588808552	1.0028857748097535	1.0029092787699943
23516.985	1.003167	1.0030365303146587	1.0018310680335507	1.0034602902624639	1.0076448844541075	0.9999810902394107	1.0025140000000001	1.0032184518802763	1.0011172921261065	1.001889746738296	1.0053098971603993
23523.5	1.005358	1.004294690942194	1.0027943062164235	1.004971145817344	1.0085540893323102	0.9999300074343803	1.005528	1.0032433692914582	1.0002666980813506	1.0005984399271841	1.0075218528296164
23530.091	1.0055	1.0047721556688662	1.0030388337378642	1.0052276904870279	1.007463661104369	0.9993263556322185	1.006344	1.0033643247337634	0.9993857376725838	0.9996476863656816	1.0091431187762447
23536.758	1.003665	1.0043278942607148	1.0024374807259635	1.0039517249550087	1.0048336950652454	0.9983509823546853	1.004721	1.0034261542111507	0.9983521709658066	0.9994790510083037	1.0098041024614473
23543.502	1.0008080000000001	1.0030236891495599	1.0012317740213525	1.001310135696277	1.0015606835705817	0.9973144090909093	1.001595	1.0031039741935484	0.9971524911032027	1.0001141087976542	1.0092403504912741
23550.322	0.998128	1.001131	0.9997847478005868	0.9979169812316723	0.9986164935483873	0.996644	0.9984489999999999	1.002057	0.9961720117302052	1.001083	1.007466
