23219.351	0.041469200000506336	0.039494700000126635	0.04221930000030315	0.04159700000025939	0.04084990000029938	0.0402211000001805	0.04129660000014239	0.04205890000028055	0.04154570000030618	0.040418400000145245	0.04063860000019881	0.039695000000152365	0.039204700000074574	0.03984510000006987	0.03948570000011988	0.0393488000000989	0.039456900000065395	0.04011150000016236	0.0399656000001402	0.03785740000005128	0.0380752000000552	0.04053160000018153	0.038025400000055096	0.03781140000005145
23222.857	0.04826790000207883	0.04513181067098273	0.04814022168443323	0.04754567286832414	0.04731145264032538	0.04631417044298115	0.04709233937287106	0.04890341303966832	0.04829790074306348	0.04595602490783197	0.04687411711922923	0.045334287447112466	0.0445903115234028	0.0452105245296513	0.04533955574943079	0.044530329986119783	0.044568561740627635	0.04610349406629373	0.04581682362397739	0.04292668273916117	0.043213655406793255	0.04661161945866624	0.04315446362362595	0.04285622944386929
23226.057	0.05668040000727522	0.05235396988625481	0.05636732127855965	0.05556598819469973	0.055257380416758595	0.053755059002701555	0.054993819901993	0.05754153149425805	0.056690600691770496	0.0534507696677292	0.05450087913448057	0.052634526252178696	0.051608690751092506	0.05236337500101	0.05251343187681478	0.0514166167513931	0.051379875563435075	0.05344287987742049	0.0529284161220723	0.04910229022260158	0.04946495295305514	0.05413307369017824	0.04939323617704623	0.04899275966965132
23228.953	0.06720120002190247	0.06118505713868583	0.06666575268899973	0.06557386301584522	0.06507863700817443	0.06280368453868185	0.06487723099050723	0.06848031631644055	0.06720936291521067	0.06273054249321183	0.06381655596763836	0.06156982348736831	0.06018000421612031	0.061141229284919135	0.061212183983540655	0.05974733149602915	0.05960176025844545	0.06232553426160932	0.061449547571270836	0.05636947053791212	0.05683109247247091	0.06327824441429634	0.05674359938092949	0.056197630503375735
23231.543	0.08048670005708747	0.07205290483958907	0.0797064153921432	0.07820165684003495	0.07730034878074299	0.0738542095163966	0.07740669167950479	0.08254802481086956	0.08053424507641738	0.07433965416533102	0.07524295783956447	0.07258018037289127	0.07074690854200326	0.07203946680383941	0.07182093738958263	0.0698779626128435	0.069586235592573	0.07311608805070283	0.07164958496519827	0.06490003485820132	0.06548980560358514	0.07444237149996388	0.06538414952483973	0.06462698290916266
23233.829	0.09737140012966003	0.08550957317604084	0.09640560781380701	0.09431311432457246	0.0926012277266788	0.08738156986690462	0.09351369614370102	0.10094010243718529	0.09759115520017661	0.0890096296089586	0.08930726365981802	0.08621954518546385	0.08388489017890259	0.08572546117460877	0.08481252068234119	0.08224873414744698	0.08177996458523616	0.08624024553996448	0.08382973162347768	0.07487945469660157	0.075632775345164	0.08810270888644399	0.07550988781232948	0.07444022197572776
23235.81	0.1187930002576097	0.10214355130770232	0.11783279216485829	0.11491425313054592	0.1117100621485424	0.10385447415504519	0.11432375605594763	0.12516167758518562	0.11946025437885183	0.10757227922747487	0.1065401580107151	0.10307013562025936	0.10024320841883283	0.1029931156382351	0.10068601646804867	0.0973063773885091	0.09665431290934956	0.1021141757726966	0.09822560699584476	0.08643361749838804	0.08738921699588834	0.1047305694085909	0.08726021770254971	0.0857249416781667
23237.487	0.14544800044930645	0.1223359840248629	0.14479647609328505	0.1407662268161051	0.1351216198369097	0.12353179492723661	0.14074303173389444	0.15650547253280428	0.14702778382836015	0.13065611879670122	0.1272451039502759	0.12350943212618701	0.12031116535135089	0.12443323620681473	0.11975677816705169	0.11530564448606145	0.1145014028100166	0.120947069372649	0.11483840449327862	0.09951605527520657	0.10070506553565009	0.12457089933957372	0.10060613780747217	0.09838777835225207
23238.297	0.16268600058103894	0.13484306188958994	0.16128457808686983	0.1567873780597801	0.15004983245736728	0.13582650887161535	0.15713690510418937	0.17705766700290118	0.16498772135763975	0.14484737177426166	0.14024318049672324	0.13611341993998083	0.1327089630620278	0.13761813589349745	0.13164753102473967	0.12612021493599213	0.12522742971337553	0.13258277057694487	0.12490748042765176	0.10730221982756631	0.10863213341304288	0.1368700039287459	0.10858278896847948	0.1058666682227844
23239.797	0.20580300090966266	0.16661815692240783	0.2060577264853566	0.1991381577769108	0.18691237788948717	0.16587862835781647	0.2011556222630705	0.22822380052321414	0.2103550219112685	0.18308901493578225	0.17203627905523572	0.16843405362961789	0.16475080815800072	0.17196253347900242	0.16036138691848745	0.15418375485925614	0.1532304048000593	0.16049578165449158	0.1486886302803979	0.12578683211753353	0.12734778812570585	0.16687642234920746	0.12761817412551865	0.12341095345109915
23241.297	0.26800200136240865	0.21013751371640668	0.2655081767103623	0.25508604865376083	0.23975353814998743	0.20813646585990675	0.2586879790568681	0.2928734007710341	0.2768669155253085	0.23628022040053978	0.2169990625707794	0.2136658004431036	0.20841402623674468	0.21614560021838058	0.1979067177065027	0.19231054161936917	0.19166546619788397	0.19727727513675403	0.17875014440817857	0.15033959884057557	0.15307960618603042	0.2080040431762716	0.15298582418575174	0.14616162684088818
23242.797	0.35150500197197254	0.2681796005503776	0.33241533698830744	0.3195099582523567	0.3047501158172521	0.2626730020742024	0.3185897585516862	0.357690921091383	0.35432857456147915	0.30049652123489323	0.27552223146826166	0.2728224006356972	0.258430362339109	0.2644118669787803	0.24332665652953409	0.24036988573775062	0.23654404561159062	0.24377032599037746	0.22663012856483533	0.18443279757762762	0.18660248226155232	0.2614319800438472	0.1829007782611567	0.1813797989113374
23244.297	0.44516200280700363	0.32250926410870373	0.3954549653419003	0.3802687852616229	0.3806080855962404	0.32324109302047277	0.36860677542824427	0.41275372152305956	0.4215345870619536	0.35773041745104966	0.33712316310268914	0.33253105422815094	0.3046103184751501	0.3053826004341936	0.2929789127376957	0.2884882272242726	0.2783019310460229	0.3000550969018439	0.27897399943004286	0.21615853899978127	0.22267132435717865	0.3215689296429958	0.21946989235661654	0.2162926696668948
23245.797	0.5302500039652505	0.37408290108569786	0.4538144958143014	0.43838217505310323	0.45938106354399527	0.3912328907282173	0.40895669904454257	0.4666888021243262	0.47577428375564723	0.40538131840338554	0.4072215115062671	0.3891250945869111	0.3443596026612914	0.3400140672636511	0.35163718235668284	0.3341241927629969	0.3155458558436299	0.36978025723512464	0.3477445563579358	0.2610644737805962	0.26596531648062194	0.3909688326783263	0.26448752447983764	0.26007927378114953
23247.297	0.5938420055567676	0.4310430715129613	0.5115317044529739	0.5013106796677644	0.539896735056326	0.4702483872260072	0.45005815342797256	0.5191250029611321	0.5272407260464412	0.45212914011375144	0.4855323787103229	0.4486606684175785	0.3854235869160428	0.3770059341469101	0.4212771507480181	0.3861395877061803	0.35602533334632885	0.4523819003560246	0.4288575540348111	0.31497641925855446	0.322562920637756	0.4693003178587966	0.32197540263665747	0.3149348579259078
23248.797	0.647276007710094	0.49817349876049716	0.5725229913073456	0.5713139764813291	0.6179556815408169	0.5612490198760373	0.5020216799411217	0.5728612841136148	0.5794441846860978	0.5036179972692957	0.5707933694134075	0.5170276957667299	0.4372625932600951	0.4265810010967477	0.4999727859446214	0.45503896674007055	0.41009956222722715	0.5447921196351089	0.5238398538137488	0.3828404461025491	0.39234814083175096	0.5559016039020431	0.39205913083017696	0.38312816743679257
23250.297	0.695538010576977	0.5768221762054688	0.6395697924332155	0.6443481162068027	0.6871195364232041	0.6578756847080045	0.5703779206169567	0.6317307656833338	0.6418573864470638	0.5567472045559044	0.6631376316488322	0.5926181500259238	0.5065941017175059	0.4951992681257056	0.5875917386532945	0.5442216045525675	0.4842692844901781	0.6459113977846128	0.6302191437164697	0.46401736497756657	0.4754093290618153	0.6526649948734862	0.4750866010596384	0.4643408903121209
23251.797	0.7442900143326553	0.6633873005670459	0.7142164598950501	0.7160922295612332	0.7445935784860903	0.750965832417544	0.6548978968262802	0.7005999278000048	0.714931954128473	0.6083054986565682	0.7579497274496069	0.6732025646017544	0.591424418315911	0.5872492685783681	0.6853373955901997	0.6491686691664427	0.5813743868014717	0.7548048975277838	0.7473475051007006	0.5603358652087278	0.5730399453209722	0.7593375695254722	0.5730708433179487	0.5608881105437401
23253.297	0.7935780191746088	0.7510719185733863	0.7953929337665337	0.7819616285974874	0.795837751874197	0.8330609750291517	0.7486888106102011	0.7804551706283339	0.7979207132272659	0.660886215580912	0.8478806915121957	0.7553766862530247	0.6853194350864498	0.699459069129436	0.7921414981494597	0.7546793766050481	0.6994787358204909	0.862217813601911	0.8689340459943228	0.6751866441110508	0.6883966535921291	0.8680855713029335	0.6884080235879428	0.6759132641133413
23254.797	0.840892025318288	0.8347491636290495	0.8774003741301092	0.839390758702274	0.8467316274362708	0.8988034365583706	0.8384512820129976	0.8647802943771152	0.8816656239462836	0.7215009393270843	0.9254842071912235	0.8323082084283218	0.7836343120631829	0.8199464697808837	0.8999160384056841	0.8445069508904705	0.8291147068620393	0.9531946874283218	0.9778495244288488	0.8042050576506148	0.8174317598426685	0.9647333130189246	0.8173655018371734	0.805015262987064
23255.051	0.8488110264953459	0.8487838655342564	0.8911932518931612	0.8487215337437821	0.8556016683404676	0.9084246689227679	0.8532411942651791	0.8795640072267304	0.8957928513808205	0.7322710475174222	0.937639712891856	0.8451250488139811	0.8004115202363709	0.8405538285624626	0.9182248413536375	0.8587597377273105	0.8514668762597232	0.9668597321857489	0.9950001706553079	0.8270603323912975	0.840270427079272	0.9800850330957145	0.8402495058137004	0.8278371355442214
23256.537	0.8881110343565732	0.9207248164089418	0.962384814955181	0.896024480750055	0.9037845364111708	0.95016352210018	0.9225949716938816	0.9555003445876893	0.9628960221712733	0.8080217340184092	0.9951889792139766	0.9074257197407054	0.8912042188260388	0.9500284090993101	1.0059568459748625	0.9280403972348781	0.9724265557769901	1.0237623386211823	1.0691092193411247	0.9511062453867475	0.9656938479312915	1.0470487247768943	0.9656998930108593	0.9516776195503741
23258.099	0.9177980445002187	0.9770299926688364	1.0149773803076074	0.9376410758365769	0.9485102655465062	0.977557615804749	0.9728941376570432	1.0168509747806622	1.011440677433331	0.8920314457366446	1.037024824981012	0.9613023052094261	0.9686288970039516	1.0380390061233753	1.0679273228171926	0.9889032234331577	1.0673695163464312	1.0598219341469874	1.1159984015619482	1.0530209747952877	1.0701147683383403	1.088709518083566	1.0701692158309526	1.0532838493221293
23259.737	0.9370290574656486	1.0103621318088867	1.0391676233755758	0.9695222846824222	0.9892036016096978	1.0010345560156366	1.0037377653766073	1.0572235169207116	1.0434534706199263	0.9711036462944813	1.0629717369486413	1.0084196795264284	1.0237043864842037	1.0900786016119244	1.1047991730618714	1.0350322236036158	1.1209013879934353	1.0891458666732905	1.1441686494038188	1.121443920615288	1.137518591368026	1.1073168757858167	1.1376969246867226	1.1214661062181153
23261.452	0.951157073875021	1.0252771644262975	1.0313941949639103	0.9866328532989496	1.0279363712941378	1.0352549203460513	1.0171492001153384	1.0784818000616292	1.0658870779456586	1.0289189536675682	1.0754960044368669	1.048107988351254	1.056095399600266	1.0993405605921946	1.126739216223733	1.0574334415751403	1.1336571147306231	1.1231266716562043	1.1621738915393813	1.1597097143032853	1.1703742862772084	1.1130525714839685	1.1705551434004051	1.1596007697138444
23263.242	0.9685390944109051	1.0335121233288382	1.000611562254959	0.9895628722029738	1.063454241406841	1.0859585117612294	1.0158387318121613	1.088410628869068	1.0818943942694765	1.0533923344650655	1.078867682301754	1.07363713111828	1.0748510766784614	1.0774124096030768	1.138963143937442	1.0534570599379711	1.1209002529780003	1.1607096370519805	1.1731504318789654	1.1814863887105997	1.1859171380199438	1.116552615882514	1.1861613893916234	1.1814119753275747
23265.109	0.9926651200964113	1.0432625227317243	0.9663709505855281	0.987580905699681	1.0907498115233811	1.1435962191091211	1.007057660243096	1.0941791661906295	1.0906678180989375	1.048212636387561	1.077844620886969	1.079387763391524	1.0873327834080384	1.0469159691548913	1.1443047658056202	1.0356809058862388	1.1033956557439164	1.1909642911632754	1.180726056312025	1.2020634320669992	1.2018017940065977	1.1207538818818945	1.2020149434051033	1.202057508163
23267.052	1.01764015268774	1.0560806573661314	0.9448219961816422	0.9885370131867665	1.104407383786422	1.1864829429560289	1.0002682192446084	1.0928676945527738	1.0839878128279834	1.0358134231364895	1.0777808732679393	1.067897428507009	1.0977414203207514	1.0268950461812796	1.144173918388519	1.0256442823559797	1.099024545592826	1.1946962913959454	1.1818075092317308	1.2249388695249859	1.2224804508270581	1.1192485868901152	1.2226534770208803	1.2249388695876795
23269.072	1.0323001959709568	1.066105415010258	0.9379724308764371	0.9937747115588599	1.097256944021471	1.1844708855797017	0.9999789519567924	1.0735598051653352	1.0468497223905044	1.0368737088966689	1.0819752403731817	1.0413081134999904	1.1093264749825187	1.0249437696146237	1.1313222300048424	1.0339749652838008	1.1114605649933424	1.1544965630664157	1.1571259365952715	1.2373050523837892	1.2361239378042925	1.1016888322014233	1.2361177644625092	1.2372497181514932
23271.167	1.0262002586101515	1.0637632001842257	0.9394163301375023	1.0033956121623004	1.0643584306152996	1.1295416077928033	1.0046773310158197	1.0315709180873986	0.9915190791518813	1.0547324940166145	1.0808344975093411	0.9993399988912308	1.1219541301412905	1.0377230392253047	1.0903244751236818	1.0531824813795423	1.1262744305632957	1.0733744443433928	1.0938117373039822	1.2195681478767602	1.2189847129707359	1.06084370271448	1.2188531329176486	1.2194989018610234
23273.339	1.0097003610363722	1.0422823621715551	0.9470641637347789	1.017575589568578	1.020169028133522	1.0712741395849257	1.0098111453049494	0.9832446848473475	0.9501487988992452	1.0799764132429406	1.068359617916139	0.9490282012871267	1.1274708358626258	1.053752372419675	1.0219540057374892	1.0682795833921126	1.1197904591911125	0.9864032144585566	1.0246003732681688	1.1919198701959628	1.186862696965096	1.0054076752823182	1.1867320200373594	1.1917942351011181
23275.587	0.9911085484093192	1.0095385100547574	0.9647843751563724	1.0321344388996407	0.9870805928799808	1.0183009569085226	1.013425632543575	0.9461570492906991	0.9227948082151144	1.0962111500389382	1.0430263164654474	0.9152022035144679	1.108400099873155	1.0591269083431742	0.9618399538362941	1.0692892252262267	1.0809288148504366	0.9265453442422006	0.9616010766251957	1.1523094339135327	1.137852782627402	0.9570968139337123	1.1377508206185625	1.15207716574928
23277.911	0.9744449172197581	0.9828107164449833	0.9894164396256736	1.0403849102787597	0.96252969478507	0.9709349158624964	1.016875324113108	0.9199458288411692	0.9076711717945647	1.0955348409414243	1.0090324264216295	0.9077100094283963	1.0622074356188285	1.0492105063742134	0.9261547600556536	1.0584782172140395	1.0317638309572825	0.8885955106924351	0.9128060823660733	1.093157674498069	1.0696540274159392	0.9223946421697684	1.0695633943440939	1.092787193424538
23280.311	0.9625426637959056	0.9650133722481257	1.0106335603221372	1.0402373305529249	0.9466615478008372	0.9336048275303019	1.0198321215522341	0.906386478961935	0.9024994401732338	1.0774118225179075	0.9759551074422338	0.9156280889295478	1.0099303231871237	1.0298152861952818	0.9055525309312707	1.0406041939571722	0.9943884567899883	0.8683641170289388	0.883245354551833	1.0188941184930813	0.9941747704734327	0.9006479924224214	0.9940669335285152	1.0184580698178418
23282.788	0.9559951770573892	0.954812309144131	1.0268308814320803	1.031560966566137	0.938665445645485	0.911404979920156	1.0202670689119662	0.9034509262894573	0.9034616899221835	1.0452093969232914	0.9503644227488571	0.9312969499778718	0.9661758507561274	1.0057013102839054	0.8943066699328962	1.0151829522960236	0.9697730128088706	0.8619224767937566	0.8713000811937317	0.9511818284730226	0.93250074052713	0.8891347570879549	0.932405848962457	0.950824250494203
23285.34	0.9532881834122018	0.9522044098414878	1.0383397208757545	1.016228718594294	0.9354194249716611	0.904867899683935	1.016366470711517	0.9068817088146383	0.9077010999712987	1.0089110224894602	0.933639409736039	0.9496737139518635	0.9375086669009783	0.9811578119118398	0.8902505829756122	0.9894546212981674	0.9555226756015868	0.8662030103730602	0.8722660024601243	0.9059815533409523	0.8943066825726904	0.8845461357251829	0.8942334130593481	0.9057402544996371
23287.969	0.9523200084268437	0.955024756751329	1.0425367241386798	0.9982661517375463	0.9335904609254558	0.9096507578887658	1.0071471880020813	0.9132425963134799	0.9140749957468635	0.9787824609614116	0.9246377981875319	0.9657945991946058	0.9222493563868162	0.9600988249087037	0.8929718078767969	0.9726624865546641	0.9478085447976733	0.8781788171201795	0.8811745291870539	0.8819296670602418	0.875148133066516	0.8856601560609833	0.8750874588629173	0.8817934226043187
23290.674	0.9518749551333952	0.9594621172792938	1.0366161448662992	0.9814681520717079	0.931854220469644	0.9201793726064994	0.9937792185428828	0.9204282183240855	0.9225684367884047	0.9592896055413618	0.9217716248065256	0.976173109008608	0.9153985233311313	0.9450245108707857	0.901715947841479	0.9658442833016448	0.9424694736708497	0.8947470386681503	0.8943479308000878	0.87160153613704	0.8677642015247174	0.8915814954502449	0.8677164886561766	0.8715393400243826
23293.456	0.9517608599928216	0.9623492406373119	1.0214122813627224	0.9677103925577789	0.9309196448838417	0.9322794130976729	0.9794203029233505	0.928158135873576	0.9337394243589537	0.9486532280646803	0.9234637923721004	0.9810719054344531	0.9128722403809888	0.9371564684499234	0.9144641912479651	0.9632460352763269	0.937043460869112	0.9135172969170647	0.909634974041335	0.8696744384329819	0.8677343880955691	0.9015043265358402	0.8676977995476126	0.869667403909013
23296.313	0.9526718905214873	0.962569925156974	1.0019171918985132	0.9578050914137289	0.931737097698297	0.9432872901228945	0.9673771795285899	0.9370565623500186	0.9482910361908052	0.9432279457660998	0.9281584486747426	0.9838199136955935	0.9126842437109559	0.9367456101951003	0.9296870563657811	0.9595270400148482	0.9320742380987819	0.9335526059910813	0.9260278531166215	0.8735250728033	0.8730870816636952	0.914691730008418	0.8730747765621725	0.873558879430317
23299.247	0.9560594276049618	0.9600196730142446	0.9836205929112039	0.9522991649438026	0.9348695693494286	0.9518664030334554	0.9595864100968086	0.948113474736554	0.9667743491175698	0.9405202429691734	0.9346461522019746	0.9871527170685916	0.9143488489735023	0.9430449451721874	0.9464578093469169	0.9529481876127177	0.9297846087799675	0.9546760224492625	0.9432832543462334	0.8822289097896877	0.8832721538087989	0.9307285517204582	0.8833048011670155	0.8822895294784574
23302.257	0.962725983535044	0.9554879298675065	0.9695538440669382	0.9512560750314162	0.9406776769580736	0.9578657064497844	0.9565077783968343	0.9621223860527337	0.9884651191864734	0.9393443378795788	0.9422816838800645	0.9914352900845373	0.9179566436319697	0.9538020026177962	0.9637680705729521	0.9446584589934149	0.9317420179153291	0.9766014812481999	0.9614855807374363	0.8955825514481884	0.8982976188223186	0.9497637217445553	0.8983620470184153	0.8956531056990769
23305.343	0.9718189758859704	0.9512555513753881	0.960367008394624	0.9540955589949958	0.9492820628856783	0.9621190169160302	0.9573162945429826	0.9789246291298964	1.0104870964984707	0.9392985021029467	0.9508006312452426	0.9952486005911835	0.923847260933219	0.9655251595407837	0.9804885046480939	0.9372276717884065	0.9383269926754066	0.9985389538946063	0.9807928384107266	0.9132950664862206	0.9179278448642062	0.972097611900925	0.918011847420548	0.9133698818276842
23308.505	0.9810063534525969	0.9500859824933338	0.955749514534753	0.9597362301095825	0.9606297656689975	0.9661000130940943	0.9604086501377979	0.9969279258470941	1.0277542077597706	0.9405572230410691	0.9602961772913442	0.9965473168570089	0.9326812036125239	0.9750056407653633	0.9955761983136657	0.9332609236557757	0.9493149430109448	1.0186759827548142	1.0011385174789287	0.9348261855573378	0.9413800531382354	0.9971108923310357	0.9414648602551383	0.9349011882328727
23311.743	0.9873163959641779	0.9536341324959637	0.9551789746173621	0.9671743904510526	0.9743586119056911	0.9710581079130445	0.9641930003662209	1.0131046441367921	1.0351448776392298	0.9439909686686383	0.9707779489346016	0.994415942516367	0.9453426165879006	0.9809818988810266	1.0079808640019117	0.9345735563514584	0.9642978473534776	1.034141152411465	1.0213966946520954	0.9586807067454697	0.9667687675166753	1.0218708455048757	0.9668267974461765	0.9587480842727656
23315.058	0.9891185812157245	0.9617275120157326	0.9580966927696829	0.9756687554602721	0.9893737883276716	0.9774435563202627	0.9677470976466825	1.0238010450343902	1.0313156357270612	0.9509093638480203	0.9817083096013401	0.9900751532279429	0.9624733867666084	0.9844879142186332	1.0163585106418425	0.9420144335697379	0.9825048557893464	1.0423534284430411	1.038812836977534	0.9823616700944181	0.9914497068320464	1.0412056542456953	0.9914927919858382	0.9824190301138265
23318.449	0.9876228534626299	0.9727004398573394	0.963703284693971	0.984367666729648	1.0035184170913758	0.9850062276077528	0.9710910074521465	1.0263942450259267	1.0196356161403077	0.9623065722726013	0.9919038712406393	0.9857744289276482	0.9834788179557746	0.9875058642608725	1.0193294049964121	0.9554570727823082	1.002003498684618	1.0421098773738642	1.0498747400447743	1.0037063342083603	1.0135573084866525	1.0503136492139584	1.0135870607277393	1.0037657545979675
23321.916	0.9856624941611133	0.984532094104504	0.970909683301897	0.9919408086889164	1.0140724182330687	0.9931759355964618	0.9748680734923658	1.0209479589572918	1.0048822175243108	0.9779188045732479	1.0000900082940947	0.982965713057602	1.0056201247215855	0.9912061835054766	1.0166123178792936	0.9735317137235964	1.0194227053177585	1.034315404994415	1.0526498360944367	1.0219290208188119	1.03232755033949	1.0483468042312956	1.0323562649441314	1.0219979865496949
23325.459	0.9851200044919615	0.9957320415843363	0.9782516014843999	0.9967646237692794	1.0190893807676054	1.0010785815167142	0.9797385258786455	1.0102882530871105	0.990445415794218	0.995558435614718	1.0055030321976743	0.9819661540848723	1.0243801474682421	0.9953043730636667	1.0101203486589811	0.9934366785843657	1.0312760150311393	1.0220044772514147	1.0481351845650975	1.0361178035611422	1.0460758061680446	1.0387265143132935	1.0461041156805775	1.0362050430648981
23329.079	0.9859786297372125	1.0048598294433178	0.9841552326490526	0.9977135741025863	1.0184752645807933	1.0076158135193758	0.9857676704388394	0.9984689098449254	0.9782783381462358	1.0113134234415917	1.008297509000607	0.982422652550665	1.0355285075104526	0.9988259511838226	1.0030990401077557	1.0114107406631692	1.0356410347807976	1.0089190023959391	1.039339509622037	1.0445697109986618	1.05229519016932	1.0261666913652971	1.0523134664139853	1.0446664531278587
23332.775	0.9870617647748212	1.0101159528592372	0.9875963965467195	0.9949681909097925	1.0136614441506555	1.012102183468946	0.9921245448421768	0.9887922055085515	0.9697344666161336	1.0213706778895761	1.0093700985753518	0.9836238052592238	1.037503738125224	1.0010840589447045	0.9980830006722732	1.024123299454319	1.032805945444861	0.998001638895443	1.0291452512415795	1.046620553982869	1.0504539107926447	1.0140914113783532	1.050469817368083	1.0466879451838793
23336.546	0.9874464032433177	1.0102268989475465	0.9885399737831605	0.9900710729050984	1.0066454269128058	1.014671744032568	0.9973038513836514	0.9830254657700693	0.9655755209158473	1.0242097868609723	1.0098773447424831	0.984746076391689	1.0318573164197093	1.0018959934184066	0.9957130112177329	1.0297488618191515	1.0247081654515156	0.9907481690288444	1.0194010391843353	1.0434838859954376	1.0428068805758328	1.0041310594684218	1.0427920924999245	1.0435194255139566
23340.395	0.9873982204914111	1.0056784906168665	0.987757304897966	0.9850371393297571	0.9993508239326828	1.015864778216767	1.0000439896360431	0.9814468518644923	0.9656120360060642	1.0210739129231192	1.0107780442507965	0.9852959912939184	1.0218248955681701	1.0011865071941823	0.9953366796221357	1.0282154591664208	1.013947708161814	0.9873465866825387	1.0108496740157102	1.0371391595573607	1.0325006645054657	0.9965830311098787	1.0324731813526395	1.0371516705240278
23344.319	0.9877448975807575	0.9987226477954978	0.986205115735472	0.9814557355755557	0.9934411159793624	1.0158809552390604	0.9999820694482756	0.9831884589051552	0.9687648486508076	1.014535288185516	1.0123174287096175	0.9851595007065913	1.0105686567242544	0.9989211164606542	0.9960370625838876	1.021197300005506	1.0029448655493802	0.9870227293828759	1.0034415103139314	1.029352509926722	1.0221515335873113	0.9911469181135248	1.0221210425203058	1.0293264439867045
23348.319	0.9886303866045982	0.9920530755819974	0.9846864767754665	0.9802244326711481	0.989841196748341	1.014634652556672	0.9979119367167543	0.9864454738552665	0.9735855962324995	1.0070230158479028	1.0137750175381708	0.9843219375003132	1.0002434425979565	0.995576267257196	0.9970164828601761	1.0115797385231984	0.9935223914866914	0.9883290126804878	0.9968869776852343	1.0213608533911582	1.0133568126581118	0.9872993501840662	1.0133475884582985	1.0213459994856038
23352.396	0.9893923772287371	0.9873850546290799	0.9840457331632406	0.9816851485524264	0.9884722475078406	1.0119915128500725	0.9955125980898485	0.9889671687294402	0.9787442027020474	1.0002673953640422	1.013855625525765	0.9829337378953783	0.991886710165617	0.9922344031977769	0.997440755669868	1.0022979391215208	0.986773794985844	0.9896657440786122	0.99102085008116	1.0139717432855422	1.0066520678391202	0.9845995380560459	1.006670265612649	1.0139447562949166
23356.549	0.9895174777701412	0.9850364699398302	0.9853396363571117	0.9857422388146452	0.9885260749312361	1.0078833182397453	0.9944473233908664	0.9889540694801475	0.9833128919749992	0.9952466785647963	1.0114585987593105	0.9816638507457119	0.9857381462775636	0.9901455017372424	0.996509478605585	0.9952241227183318	0.9830219856247358	0.9899176324173653	0.9858956258603897	1.007420746516487	1.0015565583234909	0.9827771436664406	1.0015916994299892	1.0073903426229163
23360.778	0.9890491017626268	0.9845935741952166	0.9894157518218111	0.9919132966962171	0.9892147986376573	1.0023582462318978	0.995338798475368	0.986044897497081	0.9869111866271243	0.9922309639298889	1.0063239494641918	0.9817469595521355	0.9817800729879621	0.9901257697353161	0.9939704424098981	0.9911309077808724	0.9821421933012839	0.988814265889905	0.9816196136041181	1.0015060467647032	0.9970256305349399	0.9816262421588552	0.9970650437636258	1.0014674731327446
23365.083	0.9883645832619681	0.9855997976991908	0.9963481940658052	0.9993968166158186	0.9902627251421084	0.9958080061927699	0.9976099775721157	0.9816117968964625	0.9898372886111624	0.99106375087716	0.9991119372197133	0.9843405533030501	0.9800417198908729	0.9924153238184792	0.9905112406276523	0.9900721074188108	0.9839681461336095	0.9869351966539821	0.9785122679832146	0.9959305115561572	0.9921861034423914	0.9809488640304345	0.9922060602733097	0.9958813465514271
23369.465	0.9881519165885521	0.9877350751316889	1.0053267282326337	1.0071573800585103	0.9916893948885543	0.9890286643363817	1.0002920912048667	0.9780576675465259	0.9929564533126872	0.9916545957086765	0.9911545368296057	0.9896972865194803	0.9805272997501572	0.9967367636175858	0.9874202593658147	0.9917464466454851	0.9883403682303136	0.9853917290759916	0.9771518739531995	0.9905985023758693	0.9868499478657506	0.9807437555797947	0.9868445417981093	0.9905582020596535
23373.922	0.9892926067072487	0.990717885586878	1.0148041037358289	1.0141613402350418	0.993329498976728	0.9830575705851474	1.0028082815103028	0.9776631233405503	0.9970365334412091	0.9939529360293887	0.9840445244194791	0.9969410571125368	0.982960333165487	1.0023835369008387	0.9858786661138499	0.9955376997527318	0.9946610371849489	0.9852486182044254	0.9780903981319482	0.9857340875250399	0.9815731472215431	0.9813592561293428	0.9815366576129946	0.9857036057802616
23378.456	0.9922702548306592	0.9941826870315656	1.0228798163220814	1.0195046409654744	0.9948272135747458	0.9790031958481489	1.005044941225117	0.9816214536263449	1.0018562641194613	0.9976281889791485	0.9790943691229451	1.0046694321340517	0.9867372190566499	1.0082506243981306	0.9864757610634118	1.0004419024523636	1.0016294705873505	0.9870096914874322	0.9813762240448202	0.9816635717216551	0.9772933373675504	0.9833068095598323	0.9772396474436569	0.981656563930663
23383.066	0.9967372942665215	0.9976116920020627	1.027648619085808	1.0223654908192297	0.9960595460923355	0.9776811282892647	1.0069260258727106	0.9895254313952021	1.006237365706479	1.0018075908417983	0.9769144305531423	1.0117010228579357	0.9909459701739333	1.0128389551250745	0.9890106221613336	1.0048865451945603	1.0075505718763902	0.9906178020103372	0.986531316508188	0.9787581635143634	0.9748265149613075	0.9869080908414956	0.9747721397693849	0.9787719760210614
23387.753	1.001750308063831	1.0004615710483826	1.027977670779149	1.0220423742275306	0.9972893794346556	0.9791985090745425	1.008123964590643	0.9994500001927138	1.0091496356195107	1.0051162908934244	0.9775046901830835	1.0172175184251757	0.9946528497621654	1.0146514351030327	0.9926195917950146	1.0069866753779195	1.0108807823749948	0.9957663634237045	0.9928364599449893	0.9773174315075079	0.9745984602876111	0.9920256557478551	0.9745530489806901	0.977336192218028
23392.515	1.006356389796249	1.0024099968718856	1.0238674544574622	1.0181274422112971	0.9987955882114792	0.9830518936020385	1.0081145708286714	1.0088187287006274	1.0106636065353722	1.0061310065879323	0.9805789802593039	1.0204972607733223	0.9971065306737087	1.012872869053203	0.9963241252108088	1.0052969068262079	1.0108010348283918	1.0019414455092068	0.999587008885436	0.9773936859388664	0.976542017420727	0.9979485678001422	0.9765157685114808	0.9773990989241647
23397.354	1.0099227898830967	1.0033859402080307	1.0162033582183714	1.011026612866873	1.000447842454456	0.9884183418387213	1.0066085539458716	1.015480141144308	1.0116416636282721	1.0041868303517225	0.9856714368788003	1.0207617846457084	0.9980893069639105	1.007677264946445	0.9994835798086235	0.9997872500217803	1.0074893351276617	1.008217605855236	1.0060562768359598	0.978889518582439	0.9803279827796949	1.0036482515399106	0.9803079681433525	0.978889617921412
23402.269	1.0121266457031373	1.0033243306957456	1.0063620751702274	1.0020682177391187	1.0017041411281167	0.9944375033020852	1.0038364905359383	1.0183604765342982	1.0126279813707617	0.9998218511432485	0.9920119028308726	1.0176070513879987	0.9980229796937506	1.0003051403042162	1.0017668741523813	0.9921339184251909	1.0021392948568866	1.0132471403124022	1.011549066731149	0.9817961090715067	0.9855977539356455	1.0082344923823605	0.9855875088743844	0.9817728702101061
23407.26	1.012752986730602	1.0022154009410325	0.9958084364865639	0.9931455353408126	1.0020578229675963	1.0002476936071458	1.0004295432517705	1.0175675215529396	1.013214574546243	0.9946455649150201	0.9985967787525579	1.0115178824991142	0.9978421302502569	0.992708975240533	1.003053475880148	0.9851026563033595	0.9966622687223835	1.0157639018858486	1.0153916019495348	0.9862242948050052	0.9920756862987768	1.0113439923174918	0.9920657064078906	0.9861973870436165
23412.327	1.0115358927415643	1.0006124621825077	0.9861301749034868	0.985986761915811	1.0014626332408298	1.0051160762753903	0.9969931087125901	1.014229597352229	1.0124738672606648	0.9906214623787679	1.004502355905043	1.0038023905272	0.9985572726815203	0.9869742014115954	1.00352287438479	0.9814013285162919	0.9928970268425844	1.0152675064341903	1.0170649208732365	0.9922334579114888	0.9994281824520947	1.013142357565817	0.999457028907943	0.9922132390789096
23417.471	1.0084846383275814	0.999648678370441	0.9789105973820568	0.9817167426014121	1.0003781147932964	1.0086475177424288	0.9938813883952226	1.009855875936146	1.0096660546949654	0.9892979303388661	1.0091270832149832	0.9959960995084367	1.0006900392334752	0.9845126326968906	1.003659598982288	0.9824814353771341	0.9918650818545393	1.012208510797576	1.0165582821727397	0.9995753373879612	1.0071414073313174	1.0139852736198445	1.0072005578178271	0.9995747260721969
23422.69	1.0042748949817246	1.000116645256244	0.9753258165330688	0.9806830007338048	0.9994806841653289	1.0109953766176256	0.9912826414102119	1.0057193908821278	1.004787470460223	0.9910347111253648	1.012161233540081	0.9893297122434954	1.0040094314538779	0.9856356297990205	1.0039831048277603	0.9878674736755524	0.9935044175946346	1.0077501280141716	1.0144522470721564	1.0074901037600281	1.0143476364126633	1.0140656246715365	1.0144465105636542	1.0075094984322155
23427.986	0.9999529725638487	1.0017614030281632	0.975760320184763	0.9825092881347146	0.9992768094094193	1.012599117123133	0.9894282490565327	1.0024014439831612	0.9985927213544228	0.9949702943708466	1.0134471400158034	0.9846380994056221	1.0077190572941774	0.9895592070283225	1.0048188609404707	0.9956174962032414	0.9969859458277882	1.003085935820744	1.0116095578702122	1.0146861122027144	1.0199654112003027	1.0132599864367458	1.0200848562087934	1.0147255155605648
23433.358	0.9961429936143447	1.0036056153675819	0.9797668945953294	0.986280044857824	0.9998088029807972	1.0135667586798627	0.9886614010317925	0.9997257911172206	0.9923067352506467	0.9996005010751043	1.013106690262093	0.9824708487214425	1.0108315419699925	0.994851324545755	1.0061648481672096	1.0035390461744111	1.0011887363440752	0.9990450224369428	1.0086130876945003	1.019733531263814	1.0229698240756853	1.0112846676832439	1.02305091867162	1.0197832371449507
23438.806	0.9929309986691501	1.0046689023218036	0.9863411284252244	0.9909602296186548	1.0006934209135716	1.013455042691941	0.9893636669156175	0.9972482560690116	0.9871996011680982	1.0034924701097572	1.0116271972526423	0.9830858050049129	1.0125166838122615	1.000128581269768	1.007549426246321	1.0101302721329821	1.0049871386104603	0.9958637799632258	1.0054094891744607	1.0217142160079715	1.0227795007044713	1.0080227271012456	1.0227962545637386	1.0217564480225336
23444.331	0.9903829997652133	1.0044493270340955	0.9942423885702538	0.9958431241416384	1.0014679177769188	1.0116174219449472	0.9917616425454479	0.9948945417773134	0.984273614907173	1.005810680714307	1.0095613608766953	0.986309941588622	1.0122851054104973	1.004521311796232	1.0080295745072332	1.0146067954707312	1.007368998596301	0.9934776615950263	1.0016607056628108	1.0205469752393561	1.0195578539422276	1.003760785607119	1.0194959558433507	1.0205792612130087
23449.932	0.989043999963754	1.003037744898583	1.002161732104812	1.0006520665695258	1.001868503712405	1.0078818062456523	0.9956495827908491	0.9930206806646432	0.984021903702309	1.0065227942454245	1.007127399962178	0.9915207472839234	1.0100704203343658	1.0076476099836638	1.0066885351873127	1.0165720852757785	1.007673401496512	0.9918736153851817	0.9973173692135617	1.0169924892462616	1.0142029608558463	0.9990831367217986	1.014089299366928	1.0170137976392963
23455.608	0.9894949999951949	1.00087468555752	1.0087651053313063	1.005151136862063	1.0018570503733801	1.002914212958513	1.0002597981220125	0.9919700128517536	0.9863240403314233	1.0061209159697289	1.0042507997123038	0.9977561032110923	1.0062685844430255	1.0092248287378625	1.0034246239100693	1.0158049170224128	1.0058201412639725	0.9911901011038504	0.992806799153573	1.0121419573641297	1.0079465650022628	0.9946187051201889	1.0078305909007972	1.0121425418277876
23461.362	0.9918459999994427	0.9984243351273439	1.0128267385703582	1.0087202600374192	1.0015501242823186	0.9978941310612426	1.0044968419939644	0.991865964017867	0.9905246433156812	1.0051304190846688	1.0009370557961978	1.0038130316340252	1.0015214906975942	1.0089288227298538	0.9992058804087894	1.012430669214437	1.0023632098023394	0.9916122270112449	0.9889777649920997	1.0068379923506192	1.0017881258461188	0.9908678882314907	1.0017033137480857	1.0068292379616095
23467.191	0.9956819999999418	0.9960246895366246	1.0135712433961293	1.0104634771868672	1.0011873698112488	0.9939629507633331	1.0073609691197338	0.9926587461405529	0.9957442867923609	1.0037391652083134	0.9975120936534287	1.0083518088864094	0.9965624199687638	1.0067624197972955	0.9954538282722698	1.006930834105137	0.9982709531650464	0.993237604220195	0.9866640715265821	1.00147047924513	0.9962268138934949	0.9881752326298732	0.9961964271010422	1.001444939965542
23473.096	1.0003739999999948	0.9939772667230896	1.0111500589330975	1.0098876597798374	1.0010674433530835	0.9917762927531228	1.0083684356586333	0.994159677392032	1.001215613209139	1.0017917507619227	0.9945614618120139	1.0103251220792224	0.992107383065161	1.0034259906858296	0.99315138323453	1.000251094649487	0.9946535350490846	0.9959844646909332	0.9863241874682471	0.9962047685012534	0.9914279442844857	0.9867948956992809	0.991449649788296	0.9961680628280951
23479.078	1.0051369999999997	0.9927287208291515	1.0066596108324968	1.0074402153126036	1.001337003343363	0.9913273455943813	1.0077372154797708	0.9960450531594783	1.0063371701772	0.999212862754929	0.992679844199263	1.0095236783146613	0.9888008615847509	1.0000904674022029	0.9925355466399182	0.9937434455776597	0.9924343871614828	0.9995426693413584	0.9879314341357414	0.9913878595787344	0.9875438545636877	0.9869400379535188	0.9875980682046106	0.9913450180541606
23485.136	1.008894	0.9927768748761966	1.0017578040607464	1.004315541432816	1.0017903512710464	0.9920534189501482	1.0062131460878176	0.9980610231099368	1.0105766167051826	0.9963794914163093	0.9921525057774843	1.0067006847144284	0.9871250386266092	0.9977656299108619	0.9933288256850443	0.9889529438758686	0.9921278484398217	1.0033363776824027	0.9910954787058427	0.9876555526576446	0.984915993067019	0.9886897868933632	0.9849778232089802	0.987616448332785
23491.27	1.0104920000000002	0.9943833379523966	0.9979816688946853	1.0017539155526571	1.0019404656015647	0.9932539709814153	1.004611085425497	1.0001277815454839	1.0132872983371368	0.9941322277469843	0.9927728024127811	1.0031207864362566	0.9873395156504727	0.9969205816759045	0.9950001600912941	0.9871673847407889	0.9937498198565375	1.0065265751548738	0.9952217065536367	0.9857108630583631	0.9840399626671015	0.9918701995435283	0.9840902502445388	0.9856874509292466
23497.48	1.009358	0.9973085893719812	0.9962092434782609	1.0004340843800321	1.0013281787439616	0.9945017555555552	1.003401207246377	1.0022019613526567	1.0139486830917874	0.9934104632850242	0.9939313281803541	1.000033016103059	0.9894346937198067	0.997544687600644	0.9969214534621574	0.9888383044598296	0.9968584582192885	1.008237292753623	0.9996437077294675	0.9859631381642513	0.9852931323671495	0.9960625224601518	0.9853197004830916	0.9859586547504027
23503.767	1.0060310000000001	1.000755010338795	0.9965457518294623	1.0003700647367584	0.999829017817372	0.9956903077779548	1.0027164645243398	1.0041078291713053	1.0123314287305125	0.9947155561565382	0.9949882803054406	0.9983146631143627	0.9930695247335772	0.99929801463337	0.9985424529982501	0.9932065004772517	1.0006973491886737	1.0079665660887545	1.00378797836806	0.988303257079224	0.988614227453475	1.000698937957366	0.9886128821377441	0.9883148574610248
23510.129	1.0018989999999999	1.0037206268469039	0.9985059132484676	1.0011020012574663	0.9977711224265287	0.9967730078579289	1.0025415269526952	1.005660391386357	1.0086427788778884	0.9976583804809048	0.9956586957410029	0.9982773218607576	0.9975499900974538	1.0015281578120097	0.9995331045104514	0.9985252580543775	1.0044472380952383	1.0058834730473039	1.0070990223200262	0.9921261769605536	0.993429959289531	1.0051266919691972	0.9934035369380692	0.9921430528052808
23516.568	0.99832	1.005582826215251	1.0012742727131543	1.0019689134958845	0.9957638572759748	0.9976745694315002	1.0026672492623079	1.0068440045038047	1.0036022371486264	1.0010867979499918	0.9961041728529275	0.9996764585274925	1.0019481975462028	1.0033244177667335	0.9998908682820751	1.0028497468551023	1.0073586856654762	1.0027175159987578	1.009056198167417	0.996519885696537	0.9987786560024842	1.0087103550240724	0.9987350441062269	0.9965339593104523
23523.083	0.9960319999999999	1.0063506983883344	1.0038728300844204	1.0023556400613969	0.9943916262471222	0.9984474315530997	1.0026377914044515	1.007753646968534	0.9983806337682278	1.003782606753645	0.9966674506523406	1.001866177102516	1.005427050038373	1.003846046815042	0.9999127900230238	1.0049340982348418	1.008895931542594	0.9994026824251732	1.0092775748273217	1.0005173326170358	1.0035614181120485	1.0109584660015338	1.0035056888718337	1.0005205993860304
23529.675	0.9952059999999999	1.0063250361098468	1.0053786566530116	1.0018916108329539	0.9939663445607647	0.9993993488089816	1.001964060537096	1.0082476137156728	0.9941674105598547	1.0051073809740554	0.9976003255955089	1.0039105487786368	1.0075842266383497	1.002754269417476	0.9999930661407768	1.0046735683507813	1.008737483538158	0.9967208288834956	1.007886686390533	1.0033482791685635	1.006883188287058	1.0116997951752391	1.0068291439842203	1.0033405411925358
23536.342	0.995693	1.0057267437012598	1.0051817194061188	1.0005301265746849	0.9945012249550089	1.000929415929204	1.000413418716257	1.0077822651469706	0.9916253704259151	1.0051449871025795	0.9989824839532092	1.004791183740813	1.0085026893655318	1.0004100127493618	1.0003815314234288	1.0028989974505096	1.0068951103779242	0.9950677064646769	1.005606142921415	1.0045953524295141	1.008305577084583	1.0111055012749361	1.0082779818536292	1.0045853998200363
23543.086	0.997078	1.0046988907176748	1.003218272134065	0.9984747153024911	0.9958527831825595	1.003143864472123	0.9980861577932674	1.0057878647686838	0.9907846004745664	1.0044625122349102	1.0007373183570578	1.0038330130486361	1.0085125707295373	0.9976423618030849	1.001113705812574	1.000832664689307	1.0038602543378314	0.9944557615658364	1.0034097124851726	1.0042831764531432	1.0080073238434164	1.0094968030842228	1.0080204301601425	1.004272199881376
23549.906	0.9986889999999999	1.0033708768147827	1.000016055718475	0.9961245512538495	0.9978647985337242	1.0055954548387092	0.9953853565982408	1.002238819474997	0.9913990939882698	1.0036526246334312	1.0027372622085349	1.0010598856304995	1.0078630058651026	0.9952497683284462	1.0021167894428151	0.9995128316715548	1.0004198127565977	0.9947248909090908	1.0020326366036079	1.0029033255609323	1.0065763614369503	1.007083623900293	1.0066304777126103	1.002913819035049
